0,0,0,0,0,0,0,0,2,2,5,1,1,0,1,13,8,8,17,10,14,10,1,6,3,11,0,13,0,0,1,0,7,3,8,11,14,5,13,15,1,0,1,6,6,1,0,0,6,12,0,0,0,0,0,0,0,2,0,0,0,0,0,5,1,2,1,4,4,11,5,7,9,17,6,28,25,26,23,26,20,6,4,9,17,2,3,1,0,2,2,0,0,0,0,0,1,1,11,6,24,7,3,0,12,11,4,0,0,0,0,0,0,0,0,0,0,0,0,8,0,0,0,0,8,4,5,4,5,9,8,1,6,0,0,0,4,7,0,0,0,0,0,0,0,0,4,8,8,10,2,0,10,14,6,4,14,16,16,1,1,0,5,4,6,8,19,0,0,0,0,0,0,0,1,0,0,0,0,0,0,0,0,0,0,0,0,0,0,0,0,0,0,0,0,0,0,0,2,0,0,0,0,0,0,0,0,0,0,0,0,0,0,0,2,1,0,0,0,5,2,17,30,38,22,0,6,18,10,34,27,26,6,14,11,7,1,9,21,29,39,78,60,63,27,7,18,49,47,50,66,63,77,102,137,126,107,76,147,175,85,105,147,105,121,113,108,70,67,64,44,70,65,94,80,113,83,54,159,116,114,183,151,158,113,117,154,203
0,176,189,150,123,81,182,141,151,141,126,103,97,26,29,39,34,16,35,54,83,113,192,279,313,291,267,202,207,186,209,172,168,222,128,171,126,97,66,82,61,32,118,270,174,300,253,319,202,195,208,88,125,75,30,38,59,25,15,21,26,38,81,95,70,115,116,102,136,144,125,33,79,72,82,32,53,69,71,82,49,85,157,178,172,205,245,251,372,263,220,267,219,123,156,94,141,97,111,127,124,78,164,201,234,358,328,267,205,219,212,179,173,143,170,112,94,89,120,137,103,153,199,265,288,184,139,120,64,90,87,79,62,78,64,55,51,74,62,41,60,77,86,104,86,94,91,65,73,42,43,32,45,27,19,10,12,11,22,28,19,19,1,20,18,4,0,0,0,1,0,0,0,0,5,0,3,2,3,0,0,13,0,17,20,14,0,0,4,3,12,1,0,0,4,8,3,0,0,18,11,9,25,14,7,18,9,26,0,0,1,0,9,2,0,6,2,5,14,9,6,14,20,33,31,25,27,13,2,16,42,25,17,36,24,24,28,29,36,51,48,41,41,84,106,107,60,91,39,92,51,42,23,16,22,12,10,18,7,5,10,4,1,1,0,18,10,15,43,32,3,14,0,0,1,0,2,2,0,0,0,0,0,4,0,0,0,0
0,0,0,1,2,0,0,2,2,0,6,4,0,1,0,0,6,24,37,2,8,1,0,8,0,0,0,0,0,0,0,6,1,0,0,0,2,0,0,0,12,2,0,2,0,14,10,28,22,17,0,7,18,48,19,37,46,70,46,21,29,26,12,11,0,0,0,0,11,20,29,10,25,4,10,0,0,0,3,6,0,1,4,0,0,10,34,5,10,8,6,2,0,0,0,0,0,1,0,0,6,0,4,0,0,0,0,0,4,0,0,0,0,0,0,0,0,1,0,0,0,0,0,0,0,0,0,4,12,14,17,9,13,7,15,1,11,11,24,25,19,20,20,12,8,8,1,0,0,0,0,0,0,0,0,0,0,0,0,0,0,0,0,0,0,0,0,0,0,0,0,0,0,0,0,0,2,2,0,0,9,2,4,2,0,0,0,0,0,2,0,2,0,0,0,0,0,0,0,0,0,0,0,0,1,0,0,0,0,0,6,0,5,4,7,0,2,3,16,12,13,0,2,1,0,1,0,0,0,1,0,3,8,8,35,13,15,2,2,8,12,0,0,8,17,35,63,33,24,13,13,11,13,39,36,51,34,26,9,7,6,36,53,24,18,17,11,19,30,60,42,25,12,29,52,19,14,6,14,11,14,27,45,20,20,10,6,17
0,6,1,0,0,2,17,1,0,0,8,14,1,3,0,0,0,4,1,14,7,12,17,2,34,75,64,41,34,45,61,97,70,66,51,76,51,69,77,110,89,82,73,83,46,68,95,118,98,82,80,69,82,93,114,123,143,91,98,60,64,67,73,105,92,101,72,54,68,55,64,93,144,97,67,27,8,27,31,103,124,52,46,35,32,12,33,136,124,87,57,76,25,25,41,55,115,55,11,5,18,26,24,19,3,3,0,0,0,0,1,22,15,4,0,0,4,0,4,9,12,2,0,0,0,0,0,0,3,5,0,5,6,9,1,0,0,0,0,0,0,0,0,0,0,0,0,0,0,0,0,0,0,0,5,4,0,0,0,1,6,0,5,5,5,4,15,1,0,0,0,1,4,3,1,0,0,0,0,0,0,0,0,0,0,0,0,0,0,0,0,0,0,0,0,0,0,0,0,0,4,1,1,0,2,3,4,2,1,3,11,17,5,4,8,0,0,0,0,1,0,5,3,5,2,2,7,5,0,4,9,10,12,26,20,4,12,27,25,50,21,63,106,74,148,235,229,162,162,121,138,112,161,178,216,187,240,329,195,229,186,153,126,153,188,289,375,519,352,299,204,341,301,353,458,560,335,455,354,347,301,458,508,677,568,412,378,410
0,616,538,481,505,500,488,528,718,718,710,526,473,577,683,915,709,703,662,476,682,896,765,480,478,434,714,848,615,463,367,358,610,722,643,339,297,353,493,804,703,534,316,376,518,685,506,312,303,300,469,611,496,261,244,276,345,560,325,281,208,168,319,446,497,330,215,173,215,320,352,160,72,64,94,141,208,288,143,133,56,79,151,213,150,124,94,97,174,276,253,218,120,129,101,177,259,221,153,129,78,91,181,190,251,148,98,63,108,214,194,175,105,67,41,92,83,95,42,21,16,6,31,8,27,46,39,57,25,19,1,13,1,3,15,5,2,17,23,27,12,12,4,7,4,16,10,7,14,7,22,23,8,16,19,9,16,18,13,10,23,16,18,23,41,37,94,53,65,119,70,98,83,110,119,36,42,46,42,28,25,47,64,94,120,79,123,153,167,91,171,155,139,80,39,78,87,98,78,129,123,150,160,225,234,229,171,96,97,77,135,135,134,185,179,203,309,321,284,228,160,148,135,156,188,314,392,462,701,701,570,458,523,423,513,540,715,692,827,857,764,699,515,437,504,532,604,766,800,760,1166,1070,765,741,571,680,727,734,918,1071,1115,1300,1158,727,795,791,683,915,821,865,1128,1253,1065,773,760,884,981,1001,1119,1154,1321,1275,1204,1118,1019,1237,1321,1433
0,1745,1775,1336,1256,1208,1340,1473,1339,1655,1838,1609,1398,1374,1394,1271,1410,1395,1889,1988,1480,1463,1491,1387,1434,1666,1727,1943,1496,1297,1339,1394,1513,1673,1587,1784,2038,1503,1225,1191,1240,1435,1442,1483,1796,1557,1112,1185,1075,1026,1299,1223,1523,1165,1016,863,747,861,932,1154,1247,887,545,612,661,640,689,976,1226,797,452,472,530,472,519,622,685,570,334,434,417,551,654,631,857,736,581,487,577,650,629,751,827,569,503,474,476,552,625,807,755,562,558,666,657,765,877,1025,912,759,654,780,739,872,1013,1075,750,817,777,823,841,945,1183,950,806,806,859,862,902,970,1143,1110,898,917,856,889,1006,1085,1199,870,990,870,1008,1101,1223,1287,1131,907,948,914,1023,1117,1176,933,806,918,952,974,1048,1208,1039,946,956,931,1106,1168,1267,895,847,727,745,1045,1101,909,716,700,741,928,1079,1050,790,715,740,711,878,910,661,664,555,574,814,905,695,474,433,518,533,745,663,437,455,576,579,699,572,400,477,343,496,490,671,425,393,417,525,546,674,475,424,430,494,668,588,491,625,608,596,881,604,368,479,526,691,788,352,362,425,470,651,469,173,200,188,315,522,106,97,140,142,261,263,114,120,175,224,324,115,116,84,84,171,60,55,59,68,154,139,39,77,79,121,266,94,84,137,184,339,192,121,76,131,202,244,69,71,72,112,199
0,37,35,53,142,119,71,110,98,120,116,41,12,9,7,38,0,5,3,3,5,2,1,2,0,4,41,3,0,1,4,4,10,2,1,0,18,9,3,5,3,3,7,0,0,1,6,2,0,8,1,21,11,0,1,5,13,22,8,7,9,11,20,15,11,18,20,24,31,27,26,65,39,36,33,35,51,23,31,33,30,87,44,45,56,57,106,30,21,32,76,101,47,34,28,71,101,45,68,64,75,125,68,60,66,79,82,45,40,26,76,71,29,47,53,75,82,51,33,58,63,35,7,21,0,2,0,0,0,8,15,2,4,1,4,0,0,6,5,25,11,4,12,14,30,15,18,27,43,55,24,19,18,33,30,13,14,13,23,30,5,1,0,0,4,4,0,0,0,5,6,0,0,0,0,0,0,0,0,1,0,0,0,0,0,0,0,0,0,4,0,0,0,0,0,0,0,0,0,0,0,0,0,0,0,0,0,0,0,0,0,0,0,0,0,5,0,0,0,0,2,7,0,0,0,7,30,2,2,4,23,14,0,8,11,14,97,10,15,22,8,55,16,11,13,26,52,23,25,21,7,64,30,0,23,37,42,53,12,8,21,38,26,0,13,3,18,0,6,7,66,69,15,10,21,24,65,8,2,5,13,32,32,8,6,4,51,5
0,29,15,59,1,0,8,14,40,13,16,7,11,35,39,16,1,0,3,25,33,9,7,15,1,0,2,27,82,29,18,16,10,10,2,17,17,8,33,22,27,8,1,0,3,0,0,0,0,3,0,0,2,2,4,0,0,0,2,0,0,0,0,0,6,4,0,10,4,0,2,0,0,0,7,0,0,4,2,4,0,15,15,21,19,0,0,0,0,0,0,0,0,0,0,0,0,0,3,8,0,0,0,0,0,0,1,0,0,0,0,0,0,0,0,0,0,0,0,0,0,0,0,0,0,0,0,0,0,0,0,0,0,0,0,0,0,0,0,0,0,0,0,0,0,0,0,4,0,0,0,0,0,0,0,0,0,0,0,0,0,0,0,0,0,0,0,0,0,0,0,0,0,0,0,0,0,0,0,0,0,0,0,0,0,0,0,0,0,0,0,0,0,0,0,0,0,0,0,0,0,0,0,0,0,0,0,0,0,0,0,0,0,0,0,0,0,0,0,0,0,0,0,4,13,0,0,0,0,26,0,0,0,0,7,16,0,0,5,6,3,12,3,4,0,0,0,4,4,1,5,0,1,0,0,0,0,4,4,7,16,24,8,2,4,0,0,0,0,0,0,0,0,0,4,0,0,0,0,0,0,0,1,0,0,6,0,0
0,0,0,0,0,1,1,0,0,0,0,9,4,5,11,13,8,11,8,10,3,6,0,5,2,0,0,0,0,0,0,0,0,0,0,4,0,0,0,0,0,0,0,4,11,27,14,9,7,44,0,0,0,0,0,0,0,0,3,0,0,4,0,0,0,5,8,5,14,14,13,9,11,4,0,0,2,0,0,0,0,4,0,7,8,7,0,4,0,6,0,0,4,10,6,0,0,0,0,0,0,0,0,0,0,0,0,0,0,0,0,0,0,0,0,0,2,4,4,0,0,0,0,0,0,0,0,0,0,0,0,0,0,0,0,0,0,0,0,0,0,0,0,0,0,0,0,0,0,0,0,0,0,0,0,0,0,0,0,0,0,0,0,0,0,0,0,0,0,0,0,0,0,0,0,0,0,0,0,0,0,0,0,0,0,0,0,0,0,0,0,0,0,2,0,0,0,0,0,4,0,0,0,0,0,0,0,0,0,0,0,0,0,0,0,0,0,0,0,0,0,0,0,0,0,3,0,0,0,0,18,22,14,13,8,17,41,28,32,0,10,26,1,29,70,13,10,8,13,48,46,6,7,7,36,32,51,5,0,0,7,21,51,11,11,1,2,6,1,0,4,6,10,3,22,28,36,21,24,38,53,66,24,46,34,34,81,84
0,62,45,54,101,64,50,44,57,65,67,36,45,31,49,96,83,65,45,60,51,82,59,23,70,77,85,82,25,34,37,46,90,60,41,53,51,87,92,40,39,17,39,60,25,33,77,19,27,62,6,32,25,45,66,68,22,6,4,38,62,38,21,14,12,31,28,1,12,8,30,23,2,0,7,14,22,47,3,2,19,9,46,31,44,24,12,9,13,30,88,110,38,52,40,68,61,70,85,21,10,5,11,10,31,32,6,0,0,0,0,1,7,0,0,1,2,4,1,6,4,4,1,0,0,0,0,0,0,0,2,0,4,10,2,0,0,0,0,0,0,0,0,0,0,0,0,0,0,0,0,0,0,0,0,0,0,4,0,0,0,0,0,0,0,0,0,0,0,0,0,0,0,0,0,0,0,0,0,0,0,0,0,0,0,0,0,0,0,0,0,0,0,0,0,0,0,0,0,0,0,0,1,0,0,0,0,0,0,0,0,0,0,0,0,0,0,0,0,6,0,0,0,0,0,6,1,4,2,16,16,29,26,24,47,37,49,49,34,34,32,45,39,38,70,54,44,43,53,49,67,76,64,61,80,79,44,79,79,53,48,35,40,34,70,40,23,13,26,43,61,58,59,91,39,4,8,7,8,33,35,25,8,4,0,10,3,8
0,12,17,18,1,0,4,6,4,5,16,35,26,11,1,4,3,6,6,6,15,22,0,4,0,0,0,0,6,3,1,7,8,20,6,1,0,0,1,3,0,6,8,3,9,9,10,3,3,4,1,0,0,0,0,12,0,0,0,0,0,0,0,0,0,0,0,0,0,4,9,8,2,0,0,0,0,0,0,0,0,0,0,0,0,0,0,0,0,0,0,0,0,2,1,0,0,0,0,0,0,0,0,0,0,0,0,0,2,0,4,4,0,0,0,0,0,0,0,0,0,0,0,0,0,0,0,0,0,0,0,0,0,0,0,0,0,0,0,0,0,0,0,0,0,0,0,0,0,0,0,0,0,0,0,0,0,0,0,0,0,0,0,0,0,0,0,0,0,0,0,0,0,0,0,0,0,0,0,0,0,0,0,0,0,0,0,0,0,6,5,0,0,0,0,0,0,0,0,0,0,0,0,0,0,0,0,0,0,0,0,0,0,0,0,0,0,0,2,0,0,0,0,0,0,4,0,0,0,2,8,0,25,11,17,17,21,28,18,34,26,21,20,19,19,16,19,6,5,9,2,5,0,3,0,0,0,0,0,0,0,0,3,4,8,13,13,15,0,1,0,0,0,0,0,8,2,2,0,0,1,1,0,0,14,11,3,4
0,0,1,0,0,0,7,0,0,0,0,0,1,0,2,8,0,0,0,1,0,0,9,8,0,2,0,0,5,0,0,0,0,0,0,0,0,0,11,0,0,0,0,2,1,0,0,1,0,0,2,7,0,0,0,0,4,11,0,0,0,0,0,0,0,4,0,0,0,0,0,1,0,0,0,1,0,0,3,3,3,1,2,0,0,2,0,4,0,0,0,6,13,6,0,0,5,16,23,4,1,0,5,7,3,0,0,4,3,0,0,0,0,0,3,2,10,4,1,8,8,0,1,0,0,0,0,0,0,0,0,0,0,0,0,0,0,0,0,0,0,0,0,0,0,0,0,0,0,0,0,0,0,0,0,0,0,0,0,0,0,0,0,0,0,0,0,0,0,0,0,0,0,0,0,1,3,0,0,1,5,8,8,8,0,0,0,0,0,0,0,0,0,1,2,2,4,0,0,0,0,0,0,0,0,1,0,0,5,0,0,0,0,1,0,0,0,4,1,0,0,0,0,0,0,2,8,0,5,8,0,2,0,0,0,3,0,0,3,0,0,11,0,1,3,2,5,0,4,1,2,0,1,0,0,2,0,10,1,8,37,65,60,39,18,0,2,0,8,4,8,43,42,65,58,24,17,12,4,5,0,2,0,28,0,0,0,0
0,0,4,7,0,2,0,0,2,0,0,3,0,9,0,0,0,0,0,17,4,0,0,0,0,0,0,21,19,7,0,0,0,7,54,39,6,2,0,0,9,8,12,0,0,0,0,0,0,0,0,0,0,0,0,4,0,12,14,6,20,37,19,8,0,0,6,19,6,5,6,0,23,8,0,3,0,0,0,0,1,1,7,4,0,4,0,4,0,2,6,20,10,9,8,30,29,15,8,0,0,4,1,0,0,0,0,0,0,0,0,0,0,0,0,0,0,0,0,0,0,0,0,0,0,0,0,0,0,0,0,0,0,0,0,0,0,0,0,0,0,0,0,0,0,0,0,0,0,0,0,0,0,0,0,0,0,0,0,0,0,0,0,0,0,0,0,0,0,0,0,0,0,0,0,0,0,0,0,0,0,0,0,0,0,0,0,0,0,0,0,0,0,0,0,0,0,4,2,1,0,0,0,0,0,0,0,0,0,0,0,0,0,0,0,0,0,0,0,0,0,0,1,0,0,0,6,0,2,1,0,3,1,1,1,0,0,4,4,11,41,45,37,97,47,40,48,24,6,31,47,8,85,71,80,44,17,27,40,6,15,10,12,29,5,9,21,11,10,18,9,0,11,13,19,15,30,42,15,20,4,11,1,0,0,3,1,4
0,10,22,35,33,23,23,8,3,0,3,2,0,0,0,15,5,25,2,19,19,20,24,13,14,0,4,11,5,42,25,10,13,16,15,6,14,10,22,33,52,61,44,29,14,36,19,30,24,40,67,48,37,48,44,37,46,37,96,168,188,156,153,137,85,98,72,110,145,122,75,61,93,75,63,29,41,82,88,44,32,20,15,0,25,26,60,24,21,1,0,4,0,6,3,15,1,4,0,3,4,2,9,3,0,1,2,0,25,32,67,31,9,7,7,0,0,0,9,8,3,0,0,0,1,1,5,8,3,5,0,0,0,0,0,0,0,0,0,0,0,0,0,0,0,0,0,0,0,0,0,0,0,0,0,0,0,0,0,0,0,0,0,0,0,0,0,0,0,0,0,0,0,0,0,0,0,0,0,0,0,0,0,0,3,14,11,4,0,0,0,0,0,0,1,0,0,0,0,0,0,0,0,0,0,0,0,0,0,0,0,0,0,0,0,0,0,0,4,3,0,0,1,0,1,3,0,0,0,0,0,4,0,5,14,4,5,0,6,5,10,6,0,13,13,13,6,4,2,0,2,0,0,8,23,22,14,4,0,1,1,7,7,2,1,12,11,39,2,0,0,0,4,2,0,1,27,11,0,13,1,0,0,0,2,0,10,23
0,8,1,5,0,4,4,8,8,7,9,12,7,22,38,43,63,30,40,37,56,67,62,83,80,87,105,99,81,91,108,98,123,139,187,158,169,158,174,142,181,208,270,215,194,201,230,227,347,380,373,340,359,322,296,307,383,436,453,472,395,410,316,325,512,536,493,469,370,398,314,417,680,667,516,513,432,360,316,365,468,413,306,324,252,186,152,260,374,247,124,55,25,63,146,175,132,72,32,3,7,21,106,79,42,26,22,13,27,49,27,2,8,6,7,6,22,33,38,22,9,8,5,6,18,16,25,5,1,1,0,0,6,6,14,19,4,0,0,0,0,0,3,0,0,0,0,0,0,0,0,0,0,0,0,0,0,0,0,0,0,0,0,0,0,0,0,0,0,0,0,0,0,0,0,0,0,0,0,0,0,0,0,0,0,0,0,0,0,2,0,0,0,0,0,0,0,0,0,0,0,0,0,0,0,0,0,0,0,0,0,0,0,0,8,6,3,0,0,0,0,0,0,0,4,6,0,8,6,9,3,2,3,1,21,32,12,5,2,0,0,0,0,8,0,0,0,0,0,0,5,1,0,9,0,0,0,0,5,20,2,2,17,7,2,0,0,5,5,2,2,0,1,0,0,2,4,17,0,0,0,0,0,1,0,0,1,0
0,0,0,9,13,5,0,6,0,0,1,8,13,8,0,0,0,0,2,14,5,3,0,0,4,34,60,40,27,21,15,19,6,27,77,29,16,13,20,27,39,36,54,10,6,12,0,4,13,16,40,10,10,0,3,5,12,30,20,20,15,17,8,1,11,44,16,9,11,5,1,19,48,82,73,11,30,12,21,47,44,36,33,22,16,21,21,52,63,50,36,37,36,36,58,54,23,27,19,32,14,45,69,86,68,63,46,49,68,78,86,65,104,78,63,71,81,81,99,99,101,90,81,117,86,96,128,141,141,115,118,113,105,104,113,136,146,162,144,121,131,124,128,142,190,240,229,263,250,256,208,195,201,217,173,204,263,282,310,234,283,229,253,272,273,319,319,315,318,369,378,410,363,343,319,273,283,298,344,314,331,395,452,409,415,495,325,314,304,319,320,375,324,304,369,364,482,389,475,398,366,411,320,332,327,306,351,312,313,362,353,485,490,431,392,357,312,281,275,285,311,368,304,500,440,344,337,221,224,209,193,213,221,307,270,487,321,253,222,169,145,187,120,137,199,313,375,335,200,171,171,72,123,145,315,369,273,197,131,98,110,74,78,99,140,215,145,67,30,67,33,50,153,242,149,125,153,74,92,85,143,255,318,224,185,128,148,179
0,303,266,248,197,219,223,243,282,339,259,213,225,191,245,336,284,229,195,167,228,303,327,383,339,310,205,377,464,348,154,165,283,376,354,237,175,247,401,409,290,258,198,299,432,485,336,273,310,401,472,374,358,256,396,494,447,305,280,465,582,501,346,298,423,529,549,341,309,468,564,426,285,292,401,630,497,373,281,319,641,451,330,330,485,660,469,264,320,294,510,439,269,237,387,505,389,319,322,404,542,401,258,295,379,560,369,333,308,468,600,362,291,330,485,569,559,353,350,479,640,391,283,358,410,526,440,264,262,300,384,356,248,211,355,502,344,213,229,257,341,196,145,128,181,232,213,138,143,225,215,221,153,115,195,198,186,147,110,196,213,178,132,110,180,207,218,99,117,120,198,185,180,162,188,248,304,192,149,149,222,177,171,188,191,243,232,210,151,213,268,290,222,168,187,237,271,211,204,210,264,310,195,209,187,299,298,232,198,227,323,340,262,238,181,285,357,248,194,231,302,355,285,237,145,278,308,423,290,206,454,550,385,301,348,572,593,748,327,315,680,658,580,565,520,749,820,783,658,458,726,913,974,713,609,913,1160,998,695,494,633,793,920,543,382,472,754,688,481,326,473,678,853,607,285,384,488,670,517,210,242,385,652,502,310,347,348,456
0,285,175,221,369,425,389,231,194,293,313,412,165,58,51,123,160,202,75,45,80,67,124,88,56,49,42,48,148,73,40,43,32,79,72,65,9,30,37,46,97,33,24,26,44,94,61,22,2,10,26,173,190,117,32,52,68,103,124,91,21,23,27,57,166,160,66,14,44,43,42,80,53,23,32,49,51,121,161,61,25,26,26,99,122,126,37,12,62,51,114,123,81,54,35,35,62,56,94,69,34,18,30,44,57,27,19,21,35,76,27,3,4,1,29,17,5,0,0,1,0,1,0,0,0,0,16,0,0,0,0,0,0,0,0,0,0,0,0,0,0,0,0,0,0,0,0,0,0,0,0,0,0,0,0,0,0,0,0,0,0,0,0,0,0,0,0,0,0,0,0,0,0,0,0,0,0,0,0,0,0,0,0,0,0,0,0,0,0,0,0,0,0,0,0,0,0,0,0,0,4,0,0,0,0,0,0,1,0,0,0,0,0,0,0,0,0,0,0,0,0,0,0,0,0,4,0,2,20,7,7,12,7,10,0,5,0,9,24,16,8,7,10,19,42,40,3,3,2,15,19,10,13,5,14,37,30,23,11,15,57,66,39,54,84,130,139,84,48,61,65,155,103,52,43,108,120,64,64,37,52,72,70,35,41,65,93,83
0,31,72,116,70,45,14,42,44,44,46,18,59,81,79,80,95,141,199,169,66,90,99,194,76,58,39,89,108,89,27,2,33,121,66,67,18,77,149,130,64,48,70,128,99,40,24,13,47,23,28,11,25,76,79,44,30,42,20,45,28,0,0,1,47,19,7,0,12,26,10,0,3,3,16,23,16,1,4,9,29,19,0,1,1,6,12,11,0,5,0,11,16,11,0,0,1,9,6,0,0,3,0,0,7,2,11,0,0,0,0,0,0,0,0,0,0,0,0,0,0,0,0,0,0,0,0,0,18,3,0,0,0,0,0,0,8,20,21,17,9,0,0,0,0,0,0,0,5,4,3,14,10,2,0,2,15,22,7,8,6,15,27,44,35,23,30,29,25,65,80,34,4,0,0,2,21,21,25,6,2,0,2,10,4,8,5,10,13,7,3,16,14,8,3,4,11,16,21,4,10,11,7,23,39,25,21,16,3,11,17,23,19,10,22,4,10,11,14,39,39,0,0,4,2,0,5,23,16,25,4,0,0,7,25,2,0,0,3,7,37,26,4,2,11,0,6,11,39,16,7,9,12,21,36,35,21,11,17,12,0,8,18,11,0,4,8,1,0,9,0,0,1,1,6,8,33,11,17,10,4,3,14,22,41,24,6,2
0,20,46,76,24,3,5,5,18,50,42,39,46,38,30,85,112,84,72,47,70,106,155,137,95,114,96,161,167,182,148,140,99,89,99,106,135,132,112,136,40,68,149,154,101,79,113,96,85,82,124,70,35,20,6,18,42,19,20,15,5,0,8,30,47,11,0,2,1,16,15,41,20,0,13,2,19,37,103,90,34,10,24,11,33,91,51,16,6,0,0,1,12,18,0,9,14,5,0,26,19,32,27,10,5,1,10,40,33,1,5,10,9,5,18,25,8,0,0,0,0,0,8,4,6,0,0,0,0,4,4,0,0,0,0,0,0,0,1,15,0,0,0,0,0,3,13,11,0,0,0,1,3,0,3,4,5,5,0,0,0,9,4,7,7,6,0,0,0,0,0,0,13,0,0,0,0,0,0,1,12,13,1,0,0,0,0,0,3,0,0,0,0,0,0,0,0,0,8,5,1,0,3,2,0,0,0,2,1,0,0,0,0,0,0,0,0,1,0,0,0,0,0,0,0,0,2,3,6,1,0,1,0,1,1,8,14,3,7,7,0,1,6,13,35,51,25,8,14,34,14,19,28,35,78,49,49,33,51,74,51,67,96,137,115,101,70,59,53,72,86,80,104,111,91,94,66,72,68,110,231,203,172,97,99,99,96,155
0,282,258,237,174,129,166,188,211,356,445,397,319,269,256,295,302,385,416,288,234,238,225,193,331,334,343,304,250,218,238,262,290,356,240,211,213,197,255,198,291,199,148,150,117,114,221,223,270,232,184,143,123,129,296,398,347,235,190,149,130,302,331,273,167,110,111,197,230,144,148,52,66,86,119,274,237,123,107,110,97,139,190,166,61,48,27,69,180,238,151,104,27,11,54,95,136,69,38,19,15,21,32,46,70,16,2,11,17,38,47,35,22,16,4,22,28,53,35,41,52,25,52,34,56,82,106,88,97,95,63,67,35,40,43,22,39,21,18,28,27,34,47,40,40,44,40,64,45,59,41,36,28,20,8,12,1,8,22,0,0,0,0,0,1,12,0,13,0,0,0,6,4,3,0,0,0,1,6,6,2,0,2,0,0,0,0,5,36,47,67,73,72,71,72,101,107,97,93,122,87,109,115,125,175,157,161,137,162,158,191,203,227,190,209,259,231,241,236,252,276,368,359,388,465,419,408,418,461,437,543,579,553,712,679,649,724,707,781,870,813,865,962,877,746,909,966,915,962,1015,978,825,862,840,713,768,701,737,703,714,795,752,823,880,758,729,889,752,1061,1102,936,816,1015,983,1037,1070,1068,1075,928,1072,940,1008,1136,954,1065,1009,1131,913
0,1015,816,857,948,980,873,922,962,855,1075,914,924,1039,872,945,951,1079,1072,1078,1026,1072,1003,957,1074,826,902,838,763,499,538,393,336,413,384,372,411,374,373,339,382,381,364,293,318,275,265,351,404,441,441,523,502,518,465,478,448,511,319,368,180,123,107,114,118,96,96,78,76,113,111,127,159,217,241,314,358,142,135,78,91,78,101,95,90,80,79,94,114,127,145,140,164,209,210,141,151,155,131,132,136,150,138,157,135,157,176,204,248,248,214,160,140,112,153,121,130,124,140,144,162,206,186,177,149,127,154,128,132,114,151,150,194,194,154,149,138,104,84,101,98,83,99,180,201,169,135,114,120,128,89,100,98,107,115,148,160,123,124,111,119,111,115,92,106,101,130,162,136,118,96,87,46,90,93,64,109,91,103,161,88,71,51,53,57,81,66,74,84,99,98,54,46,28,38,28,60,34,57,89,75,51,26,14,19,10,7,24,16,27,52,48,12,0,0,0,4,4,0,0,0,5,0,0,6,2,0,1,0,0,1,11,20,1,10,16,18,28,31,33,30,43,20,30,36,36,26,24,53,25,13,19,4,22,13,5,11,2,17,10,2,5,26,28,10,4,26,39,5,9,0,6,4,1,0,0,0,0,0,16,15,4,2,0,0,0,1,0
0,0,12,0,0,2,0,0,0,7,14,6,0,2,0,0,0,14,13,1,10,1,0,7,19,11,24,5,2,0,0,0,5,6,2,3,0,0,0,0,0,0,0,0,0,1,0,0,0,1,0,0,1,0,0,0,5,0,0,0,0,0,0,0,1,0,0,0,0,0,0,0,0,1,0,0,0,0,0,0,0,0,0,0,0,0,0,0,0,0,0,0,0,1,0,2,0,0,0,0,0,0,0,0,0,0,0,0,0,0,0,0,0,0,0,0,0,0,0,0,0,0,0,0,0,0,0,0,0,0,0,0,0,0,0,0,0,0,0,0,0,0,0,4,0,0,0,0,0,0,0,0,0,0,0,0,0,0,0,0,0,0,0,0,0,0,0,0,0,0,0,0,0,0,0,0,0,0,0,0,0,0,0,0,0,0,0,0,0,0,0,0,0,0,0,0,0,0,0,0,0,0,1,0,0,0,0,0,0,2,1,0,0,0,0,0,0,0,0,0,0,0,0,0,0,0,0,1,0,4,6,1,5,0,16,13,11,12,16,26,13,19,19,5,7,3,7,4,7,0,0,3,2,0,0,0,0,0,0,0,0,0,0,0,1,0,0,0,0,0,0,0,0,2,0,0,0,0,2,5,12,20,1,0,0,0,0,0
2,0,4,0,0,0,0,0,0,0,0,0,0,0,2,4,0,0,3,0,2,2,3,0,8,3,0,4,0,3,4,0,4,0,0,0,4,2,0,8,0,2,6,0,0,0,1,0,0,2,6,4,4,0,0,0,0,0,0,0,0,0,6,1,0,0,0,0,0,5,0,0,0,0,0,0,9,0,0,1,0,1,2,0,0,0,0,4,3,1,0,0,0,0,0,0,0,2,8,0,0,0,0,0,0,0,0,0,0,0,0,0,0,0,0,0,0,0,0,0,0,0,0,0,0,0,0,0,0,0,0,0,0,0,0,0,0,0,0,0,0,0,0,0,0,0,0,0,0,0,0,0,0,0,0,0,0,0,0,0,0,0,0,0,0,0,0,0,0,0,0,0,0,0,0,0,0,0,0,0,2,0,0,0,0,0,0,0,0,0,0,0,0,0,0,0,0,0,0,0,0,0,0,0,0,0,0,0,0,0,0,0,0,0,0,0,0,0,0,0,3,2,0,0,0,0,0,0,4,4,0,0,0,1,3,5,0,0,4,2,2,4,0,10,8,9,7,9,0,3,16,4,7,5,5,9,7,1,4,4,7,4,2,5,1,6,8,16,5,0,5,4,1,4,0,0,13,18,0,0,8,9,10,10,20,21,21,43
52,48,39,50,54,61,61,35,61,73,62,70,64,79,105,95,64,75,73,68,109,81,111,82,76,63,86,91,100,110,117,60,72,55,68,47,42,52,60,44,36,47,59,50,73,73,140,110,93,75,66,60,83,60,69,54,65,115,171,151,150,129,93,97,84,82,56,62,98,121,139,195,172,113,103,101,94,117,90,111,160,151,201,258,143,200,144,175,152,137,201,231,248,294,270,257,176,192,165,180,226,334,376,415,402,389,368,329,349,334,442,481,622,659,584,510,416,501,439,401,515,576,588,650,657,604,553,630,538,569,533,565,634,632,748,809,907,962,877,850,740,734,752,704,785,791,798,798,801,864,896,904,906,1000,1097,1031,1052,1130,1008,1117,981,968,885,939,920,892,886,767,794,751,844,778,666,677,721,730,582,691,597,642,526,519,526,512,563,458,539,443,431,428,471,444,374,338,369,352,417,311,348,326,356,295,353,297,237,270,194,167,188,148,116,79,42,27,22,26,6,6,8,5,13,13,43,30,2,83,70,137,129,86,59,62,68,63,86,65,36,11,123,114,99,131,34,49,48,26,46,12,15,71,48,66,18,2,3,10,3,0,2,27,33,5,1,2,5,7,15,14,16,21,0,2,2,23,42,56,27,28,13,14,18,30,1,10,6,4,7,37
6,4,0,0,4,17,1,3,4,6,0,0,0,0,8,1,4,0,0,0,0,13,6,0,0,0,0,0,0,0,0,0,0,0,0,5,4,1,0,0,27,41,15,23,0,0,0,0,7,0,0,1,1,0,0,0,0,3,1,18,0,0,2,4,4,0,0,5,3,1,0,0,0,0,5,0,0,0,0,3,17,9,0,0,0,0,2,0,0,0,0,0,0,0,0,0,0,0,0,0,0,0,0,0,0,0,0,0,0,0,0,0,0,0,0,0,0,0,0,0,0,0,0,0,0,0,0,0,0,0,0,0,0,0,0,0,0,0,0,0,0,0,0,0,0,0,0,0,0,0,0,0,0,0,0,0,0,0,0,0,0,0,0,0,0,0,0,0,0,0,0,0,0,3,0,0,0,0,0,0,0,0,0,0,0,0,0,0,0,0,0,0,0,0,0,0,0,0,0,0,4,0,0,0,0,0,0,0,0,0,0,0,0,0,0,0,0,0,1,2,4,4,0,0,0,1,0,0,1,0,1,8,19,11,23,43,37,22,16,18,6,21,17,13,10,6,20,22,8,7,11,1,1,0,4,5,4,4,11,13,15,20,23,24,11,48,25,24,49,32,23,28,24,42,55,60,73,73,86,128,138,152,145,150,160,174,206,196
244,252,213,192,226,319,310,297,287,287,262,247,294,262,296,281,266,221,254,257,189,213,280,249,298,281,333,345,352,412,380,417,437,447,408,384,408,363,388,386,411,411,376,424,391,352,357,310,287,326,277,328,333,332,384,393,370,301,307,327,375,352,383,333,462,402,362,326,242,170,283,264,176,185,113,101,86,97,108,82,56,86,50,104,84,91,37,87,71,59,61,31,44,30,8,6,8,8,4,13,31,6,10,23,10,21,20,40,8,2,18,19,3,1,0,0,0,0,4,1,0,0,0,1,8,5,3,7,13,18,11,28,22,5,7,4,0,0,0,19,30,25,30,10,17,9,22,14,11,17,30,44,77,38,47,33,34,41,43,40,90,90,87,123,112,89,90,102,116,115,138,156,120,136,147,153,158,173,149,171,165,146,193,194,209,199,173,153,157,176,173,146,143,150,178,216,127,120,96,111,74,32,46,39,86,104,49,20,8,0,4,6,4,8,10,8,10,0,0,3,1,0,2,10,19,36,14,8,26,21,15,35,45,72,34,24,8,9,15,44,34,69,159,193,102,73,72,85,98,116,107,154,176,230,150,128,154,115,169,177,259,254,368,388,211,212,224,238,297,275,309,431,443,418,370,370,359,342,292,364,429,430,430,528,652,585,666,732
738,732,670,770,535,512,517,542,569,534,550,608,632,702,743,774,814,646,574,422,401,413,512,410,440,555,580,587,707,774,431,235,195,140,107,232,265,275,228,240,201,183,217,390,503,308,219,178,149,106,146,176,223,186,153,135,260,323,266,282,362,324,213,240,169,93,65,106,95,81,79,81,118,84,108,92,156,149,131,114,105,122,118,124,107,158,78,63,83,54,79,95,172,90,77,85,76,77,92,109,111,102,93,118,91,51,72,112,82,86,60,69,92,94,105,85,77,126,110,154,152,159,196,154,138,117,101,122,113,153,137,119,164,241,185,188,187,126,144,156,180,158,210,264,223,196,194,172,209,172,213,234,298,240,200,164,175,142,184,209,219,242,183,107,103,145,117,158,157,245,189,122,100,92,121,175,119,182,99,74,39,106,81,76,115,157,164,111,88,71,99,145,119,204,234,128,76,58,70,82,135,197,107,44,22,17,57,76,84,87,33,32,6,15,28,72,85,39,16,17,38,41,58,87,87,57,56,93,104,222,387,208,155,156,166,284,381,460,195,110,176,207,263,275,346,200,62,55,129,115,179,313,165,191,157,119,169,267,309,328,104,169,112,199,336,616,502,293,229,240,236,270,317,464,315,164,193,161,216,210,437,298,245,158,161,199,346,429
587,344,147,157,159,196,292,337,351,225,102,66,98,125,173,184,262,164,113,140,187,194,256,225,245,278,271,155,118,123,112,112,85,60,124,147,198,114,146,107,94,8,24,22,26,10,14,9,8,16,28,10,17,38,34,73,61,9,5,9,0,2,1,1,15,0,0,0,0,3,0,4,8,0,0,10,0,0,4,6,0,0,0,0,2,2,0,0,0,0,0,0,0,0,0,0,0,0,0,0,0,4,0,0,0,0,0,0,0,0,0,0,0,0,0,0,0,0,0,0,0,0,0,0,0,0,0,0,0,0,0,0,0,0,0,0,0,0,0,0,0,0,0,0,0,0,0,0,0,0,0,0,0,0,0,0,0,0,0,0,0,0,0,0,2,0,0,0,0,0,0,0,0,0,0,0,0,0,0,0,0,0,0,0,0,0,0,0,0,0,0,0,0,0,0,0,0,6,0,0,0,0,0,1,3,5,0,0,0,0,0,5,5,6,0,0,0,0,0,3,0,0,0,0,0,0,2,0,0,1,14,65,85,61,31,21,17,44,65,35,4,4,32,65,92,100,41,71,66,78,99,157,181,68,67,71,119,143,183,136,128,165,186,209,328,246,178,216,198,243,413,398,245,284,295,347,427,467,397,377,376,362,432,511,502,426,429,443
555,728,715,524,575,615,738,729,856,642,718,595,751,823,793,693,598,566,693,801,815,595,512,560,669,870,632,468,561,456,567,635,417,419,391,342,521,550,274,360,333,292,523,402,247,201,274,420,629,287,261,194,347,439,255,203,189,183,287,314,118,212,120,282,284,145,53,107,158,271,229,89,66,91,126,303,52,77,71,152,171,228,65,86,98,136,192,93,49,63,59,90,315,96,42,35,46,27,65,11,10,11,21,18,25,69,4,12,2,18,8,6,18,32,53,34,11,10,20,11,11,12,10,9,14,6,43,30,17,5,2,0,0,2,0,0,0,0,0,0,1,0,0,0,0,0,0,0,0,0,0,3,0,0,0,2,0,0,0,0,4,2,0,0,0,0,6,11,4,2,0,0,0,0,0,0,0,0,0,0,0,0,0,0,0,0,0,0,0,0,0,0,0,0,0,0,0,0,0,0,2,0,0,0,0,2,0,0,0,0,0,0,0,0,0,0,0,0,2,7,0,5,6,4,2,1,11,7,4,5,5,9,2,4,1,5,6,5,11,11,0,5,6,14,18,46,20,40,46,69,70,36,42,49,8,16,8,35,18,11,26,33,13,7,23,19,67,68,54,42,37,48,63,25,17,41,47,52,40,29,20,51,8,44,54,34,56,65
121,85,29,44,44,34,17,19,41,78,82,47,43,41,44,34,8,23,9,23,27,78,155,52,30,43,37,2,0,3,33,60,54,25,18,47,28,21,7,4,23,20,35,17,3,11,0,9,0,4,0,14,8,0,0,0,0,0,4,3,0,15,8,0,0,5,12,0,0,0,0,2,0,0,0,0,4,0,0,4,9,0,0,0,2,0,0,0,0,0,0,1,0,0,0,0,0,0,0,0,0,0,0,0,0,0,0,0,0,0,0,0,0,0,0,0,0,0,0,0,0,0,0,0,0,0,0,0,0,0,0,0,0,0,0,0,0,0,0,0,0,0,0,0,0,0,0,0,0,0,8,0,0,0,0,0,0,0,0,0,0,0,0,0,0,0,0,0,0,0,0,0,4,0,0,0,0,0,0,0,2,0,0,0,0,0,0,0,0,0,0,0,0,0,0,0,0,0,0,0,0,0,0,0,0,0,0,0,0,0,0,0,0,0,0,0,0,0,0,0,0,0,0,0,0,1,0,0,0,0,1,3,10,4,1,0,0,0,0,0,0,1,2,0,0,0,2,3,3,4,0,0,0,0,0,0,0,0,0,3,4,0,0,8,5,6,0,0,0,0,1,0,0,0,0,1,0,0,0,0,0,0,2,0,0,0,0,0
0,2,0,0,3,0,0,0,0,0,0,4,0,0,0,0,7,0,0,0,0,0,0,0,0,0,18,23,12,15,19,5,17,5,11,6,0,5,10,0,0,2,1,1,2,0,0,0,4,0,0,0,0,0,0,0,0,0,0,0,0,0,0,0,0,0,0,0,0,0,0,0,0,0,0,0,0,0,0,0,0,0,0,0,0,0,0,0,0,0,0,0,0,0,0,0,0,0,0,0,0,0,0,0,0,0,0,0,0,0,0,0,0,0,0,0,0,0,0,0,0,0,0,0,0,0,0,0,0,0,0,0,0,0,0,0,0,0,0,0,0,0,1,0,0,0,0,0,0,0,0,0,0,0,0,0,0,0,0,2,0,0,0,0,0,0,0,0,0,0,0,0,0,0,0,0,0,0,0,0,0,0,0,0,0,0,0,0,0,0,0,0,0,0,0,0,0,0,0,0,0,2,0,0,0,0,0,0,0,0,0,0,0,0,0,0,0,0,0,0,0,0,0,0,0,0,0,0,4,0,0,1,1,1,0,14,6,2,0,0,6,9,7,4,0,0,1,0,0,0,3,3,8,0,0,0,11,4,2,11,0,1,0,0,4,0,0,0,0,2,4,0,4,4,1,5,2,3,3,5,2,2,0,0,4,0,0,0
0,0,1,2,0,0,0,0,2,4,0,5,3,0,0,4,0,0,0,11,7,0,0,7,0,3,0,2,0,8,10,11,0,8,3,20,26,13,17,20,25,9,24,11,24,25,36,40,44,77,82,84,63,56,49,23,12,11,16,22,31,47,72,95,56,40,56,49,18,53,38,42,54,58,53,85,91,83,75,42,40,31,35,24,57,56,85,48,60,64,36,23,14,12,16,16,15,39,10,17,20,44,41,33,13,12,28,29,42,30,34,53,53,54,48,51,54,50,49,54,42,60,57,82,92,73,93,74,69,62,70,106,94,130,142,140,135,132,134,103,100,114,120,121,138,148,116,94,120,100,101,110,122,161,111,90,83,66,72,98,93,115,114,84,53,40,57,61,58,52,66,77,69,51,56,36,52,82,106,131,91,63,58,63,74,60,39,78,36,13,33,12,20,41,71,20,0,17,19,42,10,24,10,4,0,0,2,5,11,20,7,0,0,0,2,5,22,14,6,0,0,0,6,0,0,2,0,3,11,29,45,35,22,17,53,73,194,170,83,62,53,83,81,94,237,173,82,72,67,98,101,132,213,162,331,262,176,91,116,142,79,116,152,126,198,148,106,155,120,129,224,179,213,206,238,153,214,254,270,268,333,413,308,462,364,264,228,193
246,259,306,296,253,265,194,150,180,159,134,94,121,137,103,126,121,173,199,163,189,184,141,155,155,169,159,144,181,128,89,112,71,69,57,33,49,31,34,23,29,7,14,29,25,7,16,19,43,59,94,139,112,114,32,78,54,46,8,1,17,40,54,41,78,53,40,6,4,7,27,9,21,43,36,59,78,23,9,18,25,7,21,39,31,35,34,19,18,2,0,0,4,0,3,5,0,0,6,0,2,0,0,10,19,20,25,25,3,0,0,0,0,4,10,2,0,5,0,0,0,0,0,0,0,0,0,0,0,0,0,0,0,0,0,0,0,0,0,0,0,0,0,0,0,0,0,0,0,0,0,0,0,0,0,0,0,0,0,0,0,0,0,0,0,0,0,0,0,2,1,0,4,0,0,0,0,0,0,0,0,0,0,0,0,0,0,0,0,0,0,3,4,0,0,0,0,0,0,0,0,0,0,0,0,0,0,0,0,0,0,3,1,0,3,1,2,2,2,0,0,2,0,10,8,5,15,0,0,12,12,91,91,15,21,29,47,77,55,85,62,8,31,10,22,78,117,135,104,94,127,69,134,91,126,196,142,138,141,114,146,195,232,177,91,116,80,94,144,145,207,141,71,85,115,117,210,285,190,82,111,148,163,180,268,319,193,133
265,181,242,296,243,147,213,192,189,175,303,195,205,206,117,92,119,238,247,154,126,131,130,257,271,150,70,106,110,115,160,168,73,32,39,31,95,234,174,67,69,145,117,236,198,60,12,16,79,142,112,32,35,51,76,185,86,41,48,67,136,121,17,7,13,38,139,27,1,5,5,67,39,11,1,10,63,29,0,0,6,45,3,4,22,35,152,21,29,49,109,19,23,29,115,166,139,130,191,182,191,114,221,184,153,158,188,130,167,183,295,194,216,199,282,192,204,189,314,183,218,229,276,215,216,249,247,160,199,318,200,192,249,349,227,249,229,321,229,246,273,290,186,214,388,228,201,263,326,173,232,327,326,236,298,259,389,252,313,437,397,314,295,422,334,286,349,395,369,261,320,350,382,240,242,344,377,226,230,373,277,269,298,349,281,269,332,392,298,297,305,419,306,295,334,343,284,309,372,363,328,338,407,329,193,292,345,255,241,291,296,135,190,255,106,64,110,290,84,89,182,123,130,97,228,87,54,182,290,166,264,589,501,536,626,911,527,467,663,702,561,657,1024,444,442,632,1016,483,584,714,653,464,558,771,464,492,535,806,516,460,691,526,473,546,822,488,473,686,873,510,533,579,917,499,658,674,872,572,617,771,757,524,729,848,458,499,535,720
346,390,523,568,340,301,564,369,344,321,522,273,156,261,451,221,242,376,390,226,180,356,452,203,129,210,247,76,132,174,292,166,89,116,141,327,35,53,88,190,122,37,24,69,212,25,23,92,138,138,15,25,26,91,8,2,8,30,22,21,16,16,43,8,11,12,14,30,10,24,13,35,47,12,27,16,47,47,36,6,2,15,15,35,37,23,0,4,3,27,12,2,1,15,32,42,59,11,1,5,1,0,7,14,7,0,0,0,0,2,17,0,0,6,4,3,10,12,0,0,5,8,3,0,0,1,6,0,0,1,0,0,0,0,2,1,0,3,0,2,0,0,2,0,2,0,0,0,0,0,0,0,0,0,0,0,0,0,0,0,0,0,0,0,0,0,0,0,0,0,0,0,0,0,0,0,0,0,0,0,0,0,0,0,0,0,0,0,0,0,0,0,0,0,10,0,0,0,0,0,0,0,0,0,0,0,0,0,0,0,0,0,0,1,0,0,0,1,4,0,0,0,0,0,6,0,4,0,0,0,2,2,14,6,5,3,46,0,2,4,19,20,5,2,6,8,3,0,0,0,4,0,0,7,14,20,0,0,0,4,15,0,0,6,2,4,26,0,0,0,5,0,17,0,0,3,0,0,0,0,0,5,0,0,0,0,0,3
0,0,4,0,0,0,0,0,9,0,0,2,3,1,1,0,5,0,1,0,0,0,3,4,0,4,2,3,0,0,0,0,6,2,0,4,4,8,5,7,3,0,0,0,0,1,0,0,0,2,2,6,0,0,0,7,4,0,0,0,0,0,0,4,4,5,0,0,0,1,7,0,0,0,0,0,0,0,0,0,0,0,0,0,0,0,0,2,0,0,0,0,0,0,0,0,0,0,0,0,0,0,0,0,0,0,1,0,0,0,0,1,0,0,0,0,0,0,0,0,0,0,0,0,1,0,0,0,0,0,11,0,0,0,0,0,0,0,0,0,0,0,0,0,0,0,0,0,0,0,0,0,0,0,0,0,0,0,0,0,0,0,0,0,0,0,0,0,0,0,0,0,0,0,0,0,0,0,0,0,0,0,0,0,0,0,0,9,0,2,12,0,0,11,56,48,195,865,1144,1007,1429,2092,1623,1713,2142,2196,2174,2561,3074,2580,2619,3264,2644,2635,3214,2349,2652,3170,2510,2417,2942,2419,2375,2927,2189,2470,2739,2142,2369,2611,2080,2154,2481,1883,1929,2291,1392,1325,1773,1187,1173,1328,1656,1082,1158,1668,937,998,1155,1452,983,1027,1304,1216,861,787,1057,1204,682,688,659,914,1178,879,615,504,547,553,702,739,617,375,243,331,399,419,591,545,418,150,131,68,62,85,40,126,138,254
242,276,163,97,65,30,18,37,30,26,29,17,30,35,18,32,53,93,141,85,109,103,77,81,84,44,33,15,17,51,40,28,24,16,10,10,27,9,17,3,38,45,30,17,36,51,48,37,30,26,46,12,28,9,6,17,26,15,0,3,1,9,0,0,3,0,1,0,0,4,0,2,4,0,0,0,0,0,1,1,9,9,7,3,0,0,0,0,0,0,0,0,4,0,0,0,0,0,0,0,0,0,0,0,0,0,0,0,0,0,0,0,0,0,0,0,0,0,0,0,0,0,0,0,0,0,0,0,0,0,0,0,0,0,0,0,0,0,0,0,0,0,0,0,0,0,0,1,0,0,0,0,0,0,0,0,0,0,0,0,0,0,0,0,0,0,0,0,0,0,0,0,0,0,3,0,0,0,0,0,0,0,0,0,0,0,0,0,0,0,0,2,0,0,0,0,0,0,0,0,0,0,0,0,1,0,17,0,0,0,0,0,0,0,0,0,0,2,4,0,0,0,0,0,0,0,0,0,4,0,8,14,0,6,0,4,0,7,2,0,11,4,11,8,0,8,0,5,13,3,1,0,0,5,0,0,0,0,0,0,0,1,4,9,0,1,0,4,4,8,8,1,8,1,0,2,0,0,0,10,9,0,4,0,0,6,0,1
0,8,0,0,0,0,0,0,0,0,0,0,0,0,0,0,0,4,0,0,0,0,0,0,0,0,0,0,0,0,0,0,0,0,0,0,0,0,0,0,0,0,0,0,0,0,0,0,0,0,0,0,0,0,0,6,0,0,0,0,9,0,0,0,0,0,0,0,0,0,0,0,0,0,1,3,5,0,0,0,0,0,0,0,0,0,0,0,0,0,0,0,0,0,0,0,0,0,0,0,0,0,0,0,0,0,0,0,0,0,0,0,0,0,0,0,0,0,0,0,0,0,0,0,0,0,0,0,0,0,0,0,0,0,0,0,0,0,0,0,0,0,0,0,0,0,0,0,0,0,0,0,0,0,0,0,0,0,0,0,0,0,0,0,0,0,0,0,0,0,0,0,0,0,0,0,0,0,0,0,0,0,0,0,0,0,0,0,0,0,0,0,0,0,0,0,0,0,0,0,0,0,0,0,0,0,0,0,0,0,0,0,0,0,0,0,0,0,0,0,0,0,0,0,3,3,4,1,0,3,1,3,0,4,4,7,5,7,6,10,3,0,0,0,1,0,0,8,0,0,0,0,4,12,0,0,6,19,22,36,16,33,3,2,7,4,0,0,5,11,0,9,0,0,0,0,0,0,0,8,8,4,2,7,4,0,0,0
0,0,0,1,0,0,0,0,0,0,0,0,0,0,0,1,2,4,3,0,0,0,0,0,0,0,0,0,0,0,0,0,0,0,0,4,0,0,0,0,0,0,0,0,0,0,0,0,0,0,0,0,0,0,0,2,0,0,3,4,0,3,0,0,0,0,0,0,0,0,0,0,0,0,0,3,0,0,0,0,0,0,0,0,0,2,6,4,0,0,0,0,0,0,0,0,0,0,0,0,0,0,0,0,0,0,0,0,0,0,0,0,0,0,0,0,0,0,0,0,0,0,0,0,0,0,0,0,0,0,0,2,0,0,0,0,0,0,0,0,0,0,0,0,0,0,0,0,0,0,0,0,0,0,0,0,0,0,0,0,0,0,0,0,0,0,0,0,0,0,0,0,0,0,2,4,0,0,0,0,0,0,0,0,0,0,0,0,0,0,0,0,0,0,0,0,0,0,0,0,0,0,0,0,0,0,0,0,0,0,0,0,0,0,0,0,0,0,0,0,0,0,0,0,0,0,0,0,0,0,0,5,0,0,0,0,0,1,0,0,0,11,0,0,0,0,0,0,0,0,0,2,4,0,0,0,0,0,0,0,0,0,0,0,0,0,0,0,0,0,0,0,0,0,0,4,0,0,0,0,2,0,0,0,0,0,6,0
0,4,0,3,0,0,0,0,0,0,0,0,12,0,0,0,0,0,4,7,0,0,0,4,4,10,0,0,0,0,0,0,0,0,0,0,0,0,0,4,1,0,0,0,0,0,0,0,0,0,0,0,0,0,0,0,0,0,0,0,0,0,0,0,0,0,0,0,0,0,0,6,0,0,0,0,0,0,0,0,0,0,0,0,0,0,0,0,0,0,0,0,0,0,0,0,0,0,0,0,0,0,0,0,1,0,0,0,0,0,0,0,0,0,0,0,0,0,0,0,0,0,0,0,0,0,0,0,0,0,0,0,0,0,0,0,0,0,0,0,0,0,0,0,0,0,0,0,0,0,0,0,0,0,0,0,0,0,0,0,0,0,0,0,0,0,0,0,0,0,0,0,0,0,0,0,0,0,0,0,0,0,0,0,0,0,0,0,0,0,0,0,0,0,0,0,0,0,0,0,0,0,0,0,0,0,0,0,0,0,0,4,7,0,0,0,0,0,0,0,0,0,0,0,0,0,0,0,0,1,2,9,8,3,0,3,1,11,2,15,16,18,2,1,0,0,0,6,4,55,42,1,8,2,2,2,2,8,19,17,2,8,0,1,4,24,45,13,4,2,0,0,0,10,11,10,0,2,0,8,0,5,16,5,0,6,7,2
16,16,22,12,1,0,5,0,1,13,40,14,1,4,18,13,13,18,4,0,0,0,5,0,5,1,0,0,1,0,2,8,0,0,0,1,0,9,10,0,4,0,3,2,14,14,0,1,0,0,5,10,9,0,0,0,0,4,4,3,0,1,0,0,0,1,1,0,3,0,1,5,4,1,0,0,0,0,0,6,0,0,0,0,0,1,1,0,0,0,0,0,0,0,0,0,0,0,0,0,0,0,0,0,11,1,0,0,0,0,1,0,0,0,0,0,0,0,0,0,0,0,0,0,0,0,0,0,0,0,0,0,0,0,0,0,0,0,0,0,0,0,0,0,0,5,4,0,3,7,11,0,0,0,0,0,0,0,0,0,19,0,0,0,0,1,0,0,0,2,8,0,0,0,0,4,1,4,4,8,0,0,0,0,0,0,0,0,7,0,4,1,0,0,0,0,0,0,0,0,0,0,0,0,4,8,2,0,0,0,0,0,0,0,5,0,0,0,7,0,0,2,0,0,0,0,10,4,2,10,46,22,46,187,371,325,313,444,538,650,376,506,440,832,540,688,828,1234,741,827,915,1199,847,870,1106,1169,1086,930,1003,1234,1151,943,1077,1246,1378,886,1035,1176,1275,894,958,1195,1110,688,713,867,1048,693,772,660,902,491,524,610,1100,599,552,738
1081,504,542,614,862,417,462,516,738,338,405,623,735,310,388,549,644,306,370,581,343,229,336,428,154,136,254,625,229,243,371,452,181,228,386,377,146,168,386,188,101,168,363,150,175,161,314,70,111,116,197,84,85,166,111,109,83,210,83,116,150,115,82,65,202,41,34,59,69,12,5,72,22,56,66,138,45,22,42,52,54,37,93,23,16,19,31,14,13,33,11,8,15,4,2,0,18,0,2,1,0,0,4,8,0,0,7,0,0,0,0,0,0,0,0,0,0,0,0,0,0,0,0,0,0,0,0,0,0,0,0,0,0,0,0,0,0,0,0,0,0,0,0,0,0,0,0,0,0,0,0,0,0,0,0,0,0,0,0,0,0,0,0,0,0,0,0,0,0,0,0,0,0,0,0,0,0,0,0,0,0,0,0,0,0,0,0,0,0,0,0,0,0,0,0,0,0,0,0,0,0,0,0,0,0,0,0,0,0,0,0,0,0,0,0,0,0,0,1,0,0,0,0,0,0,6,0,1,0,0,1,4,4,0,6,7,1,3,14,0,2,2,5,4,1,0,0,0,0,0,0,0,0,0,0,0,0,0,0,2,0,0,0,0,0,0,0,4,0,0,0,0,0,0,0,0,0,0,0,0,0,0,0,0,0,0,0,0
0,1,0,0,0,0,0,0,0,0,0,0,0,0,0,0,0,0,0,0,0,0,0,0,0,0,0,0,0,0,0,0,0,0,0,0,0,0,0,0,2,0,0,0,11,0,0,0,0,0,0,8,0,0,0,0,0,0,0,0,0,0,3,0,0,0,0,0,0,0,0,0,0,0,0,4,0,0,0,0,0,0,0,0,0,0,0,0,0,0,0,0,0,0,0,0,0,0,0,0,0,0,0,0,0,0,0,0,0,0,0,0,0,0,0,0,0,0,0,0,0,0,0,0,0,0,0,0,0,0,0,0,0,0,0,0,0,0,0,0,0,0,0,2,0,0,0,0,0,0,0,0,0,0,0,0,0,0,0,0,0,0,0,0,0,0,0,0,0,0,0,0,0,0,0,0,0,0,0,0,0,0,0,0,0,0,0,0,0,0,0,0,0,11,4,0,1,0,2,0,0,0,0,0,0,0,0,0,0,0,0,0,0,0,0,1,0,0,0,0,0,4,4,4,0,0,0,0,0,0,0,3,2,4,0,0,0,0,0,0,0,0,8,8,1,5,1,1,0,0,0,0,0,0,3,13,0,7,4,0,0,0,0,0,0,0,0,0,0,0,0,0,0,0,0,0,0,0,4,0,0,0,0,2,2,8,8,0
0,5,0,0,0,4,0,0,1,2,0,0,4,6,0,0,0,0,0,0,0,0,0,0,4,4,0,0,0,0,0,0,0,0,0,4,1,2,0,0,0,0,3,0,0,0,0,0,0,0,0,0,0,0,0,0,0,0,0,0,1,0,0,0,0,0,0,0,0,0,0,0,0,0,0,0,0,0,0,0,0,0,0,0,0,0,0,0,0,0,0,0,0,0,0,0,0,0,0,0,0,0,0,0,0,0,0,0,0,0,0,0,0,0,0,0,0,0,0,0,0,0,0,0,0,0,0,0,0,0,0,0,0,0,0,0,0,0,0,0,0,0,0,0,0,0,0,0,0,0,0,0,0,0,0,0,0,0,0,0,0,0,0,0,0,0,0,0,0,0,0,0,0,0,0,0,0,0,0,0,0,0,0,0,0,0,0,0,0,0,0,0,0,0,0,0,0,0,0,0,0,0,4,0,0,0,0,0,0,4,0,0,0,0,0,0,0,0,0,0,0,0,0,1,0,0,0,0,0,2,0,0,0,0,0,0,7,2,0,1,4,2,0,0,0,0,0,0,0,0,1,0,1,0,0,0,0,5,11,10,3,0,0,0,2,0,2,0,1,0,2,1,1,0,0,6,3,0,0,0,0,0,0,0,0,0,0,0
2,0,0,0,0,2,1,0,0,2,0,4,1,0,0,1,3,1,0,0,0,0,0,0,0,1,0,0,0,1,0,0,6,4,0,0,0,0,0,0,0,0,0,1,0,0,0,0,0,1,1,0,0,0,0,0,2,0,0,0,0,0,0,0,0,0,0,0,0,0,0,0,0,0,0,0,0,0,0,0,0,0,0,0,0,0,0,0,0,0,0,0,0,0,0,0,0,0,0,0,0,0,0,7,0,0,0,0,0,0,0,0,0,0,0,0,0,0,0,0,0,0,0,0,0,0,0,0,0,0,0,0,0,0,0,0,0,0,0,0,0,0,0,0,0,0,0,0,0,0,0,0,0,0,0,0,0,0,0,0,0,0,0,0,0,0,0,0,0,0,0,0,0,0,0,0,0,0,0,0,0,0,0,0,0,0,0,0,0,0,0,0,0,0,0,0,0,0,0,0,0,0,0,0,0,0,0,0,0,0,0,0,2,0,0,0,1,2,0,0,0,0,0,0,0,0,0,0,0,0,0,14,0,4,6,25,38,100,42,32,27,47,38,111,26,43,40,76,81,85,52,58,60,53,76,95,54,60,69,69,120,128,47,47,39,25,42,22,29,50,11,34,32,2,33,24,35,53,43,8,10,17,33,53,41,16,22,40
43,50,28,16,21,30,40,40,19,8,6,6,0,0,0,0,0,1,16,2,4,0,20,24,3,0,2,4,0,1,0,0,0,1,3,0,0,6,0,2,0,0,7,3,2,9,0,0,0,0,1,0,0,0,0,0,0,0,0,0,6,4,0,0,1,7,0,6,16,12,11,0,0,8,14,8,0,4,14,5,8,3,2,8,21,0,0,0,0,0,0,0,0,0,0,0,0,0,0,0,0,0,0,0,0,0,0,0,0,0,0,0,0,0,0,0,0,0,0,0,0,0,0,0,0,0,0,0,0,0,0,0,0,0,0,0,0,0,0,0,0,0,0,0,0,0,0,0,0,0,0,0,0,0,0,0,0,0,0,0,0,0,0,0,0,0,0,0,0,0,0,0,0,0,0,0,0,0,0,0,0,1,0,0,0,0,0,0,0,0,0,0,0,0,0,0,0,0,0,0,0,1,0,0,0,0,0,0,0,3,0,0,30,4,14,5,0,0,3,26,0,8,7,0,0,0,9,3,2,7,52,11,81,160,204,118,237,556,232,353,463,690,345,355,507,346,302,373,631,379,393,578,365,385,558,516,332,554,696,331,403,571,448,569,566,779,581,644,870,588,582,914,641,675,886,842,0,0,0,0,0,0,0,0,0,0,0,0
798,764,1028,604,723,1008,672,748,1200,743,868,1243,844,942,1318,888,1019,1183,863,840,1258,829,1000,1220,833,773,1254,660,701,942,678,840,1154,666,731,1112,708,705,1124,652,673,1027,554,644,850,498,650,1058,378,558,912,529,556,801,299,383,212,200,379,264,162,413,181,181,385,102,165,361,176,172,352,92,130,441,92,94,322,56,108,219,141,158,111,80,195,121,169,266,119,77,283,126,244,264,90,111,105,101,64,50,40,38,48,53,50,87,86,98,83,61,75,62,70,90,70,64,126,72,72,110,56,85,154,81,74,109,62,63,38,55,62,57,17,53,53,9,14,32,20,52,36,24,25,16,13,33,19,16,30,16,25,36,10,28,36,30,13,19,8,0,0,0,3,0,0,0,0,0,7,0,0,7,0,12,5,1,5,48,53,54,75,48,50,85,58,67,93,56,55,75,55,60,110,61,56,52,45,43,51,42,59,38,25,3,15,8,8,14,0,0,0,0,0,0,0,0,0,0,0,0,0,0,0,0,0,0,0,0,0,0,0,1,8,0,0,0,0,0,0,10,0,7,26,4,16,111,33,88,173,69,25,62,51,45,66,63,75,128,165,108,182,163,116,92,219,68,87,162,93,129,238,146,120,193,151,161,217,186,108,127,275,98,67,179,65,64,102,63
43,65,97,41,52,53,56,26,52,8,12,15,23,6,36,106,26,27,92,14,27,42,18,15,7,34,8,2,13,2,0,8,0,4,4,3,13,8,7,0,5,14,0,1,17,0,0,22,0,1,12,6,2,9,11,0,5,13,0,0,8,11,0,5,0,4,4,9,0,6,18,7,0,1,0,0,1,3,0,9,9,0,0,5,0,2,0,0,0,3,9,0,0,3,0,0,0,0,0,0,0,0,0,0,0,0,0,0,5,0,0,0,0,0,0,0,0,0,0,0,0,0,4,0,0,0,0,0,0,0,0,0,0,0,0,0,0,0,0,0,0,0,0,0,0,0,0,0,0,0,0,0,0,0,0,0,0,0,0,0,0,0,0,0,0,0,0,0,0,0,0,0,0,0,0,0,0,0,0,0,0,0,0,0,0,0,0,0,0,0,0,0,0,0,0,0,0,0,0,0,0,0,0,0,0,0,0,0,0,0,0,0,0,0,0,0,0,0,0,0,0,0,0,0,0,0,0,0,0,0,0,0,0,0,0,0,0,0,0,0,0,0,0,0,0,0,2,4,4,7,7,1,0,0,0,0,0,0,0,0,0,0,0,6,0,0,3,2,0,5,1,0,4,0,0,0,0,0,0,0,0,0,0,0,0,0,0,0
0,4,0,0,0,0,0,0,0,0,0,0,0,0,4,0,0,1,1,2,5,18,0,0,0,0,0,1,0,0,0,0,0,0,0,0,0,0,0,0,0,0,0,0,0,0,0,0,0,0,0,0,0,0,0,0,0,0,0,0,0,0,0,0,0,0,0,0,0,0,0,0,0,0,0,0,0,0,0,0,0,0,0,0,0,0,0,0,0,0,0,0,0,0,0,0,0,0,0,0,0,0,0,0,0,0,0,0,0,0,0,0,0,0,0,0,0,0,0,0,0,0,0,0,0,0,0,0,0,0,0,0,0,0,0,0,0,0,0,0,0,0,0,0,0,0,0,0,0,0,0,0,0,0,0,0,0,0,0,0,0,0,0,0,0,0,0,0,0,0,0,0,0,0,0,0,0,0,0,0,0,0,0,0,0,0,0,0,0,0,0,0,0,0,0,0,0,0,0,2,0,0,0,0,0,0,0,0,0,0,4,0,4,0,0,4,7,0,0,0,0,0,1,0,0,0,2,0,1,0,0,2,3,10,2,0,3,0,0,0,0,1,0,2,16,0,0,9,0,2,23,0,0,0,0,8,9,2,0,28,3,25,25,0,2,0,7,0,0,0,0,0,0,0,0,0,1,0,0,0,0,1,0,1,0,0,0,0
0,0,0,0,0,0,0,6,0,0,0,0,0,1,0,0,0,0,0,0,0,0,0,0,0,0,0,0,0,0,0,0,0,0,0,0,0,0,0,0,0,0,0,0,0,0,0,0,0,0,0,0,0,0,0,2,0,0,0,0,0,0,0,0,0,0,3,0,0,0,0,0,0,0,0,4,0,3,2,1,0,0,0,0,2,12,8,0,0,2,2,0,0,0,0,0,0,0,0,0,0,0,0,0,0,0,0,0,0,0,0,0,0,0,0,0,0,0,0,0,0,0,0,0,0,0,0,0,0,0,0,0,0,0,0,0,0,0,0,0,0,0,0,0,0,0,0,0,0,0,0,0,0,0,0,0,0,0,0,0,0,0,0,0,0,0,0,0,0,0,0,0,0,0,0,0,0,0,0,0,0,0,0,0,0,0,0,0,0,0,0,0,0,0,0,0,0,0,0,0,0,0,0,0,0,0,0,0,0,0,0,0,0,0,0,0,0,0,0,0,0,0,0,0,0,0,0,0,0,0,0,0,0,0,0,0,0,0,0,0,0,0,0,0,0,0,1,0,6,0,0,0,2,1,0,4,0,0,2,0,0,0,0,0,1,0,0,0,0,4,0,0,0,0,0,0,0,0,0,0,3,0,0,0,0,0,0,0
0,0,0,0,4,0,0,0,0,0,0,0,0,0,0,0,0,0,0,0,0,0,0,0,0,0,0,0,0,0,0,0,0,0,0,0,0,1,0,0,0,0,0,0,0,0,0,0,0,0,0,0,0,0,0,0,0,0,0,0,0,0,0,0,0,0,0,0,0,0,0,0,0,0,0,0,0,0,0,0,0,0,0,0,0,0,0,0,0,0,0,0,0,0,0,0,0,0,0,0,0,0,0,0,0,0,0,0,0,0,0,0,0,0,0,0,0,0,0,0,0,0,0,0,0,0,0,0,0,0,0,0,0,0,0,0,0,0,0,0,0,0,0,0,0,0,0,0,0,0,0,0,0,0,0,0,0,0,0,0,0,0,0,0,0,0,0,0,0,0,0,0,0,0,0,0,0,0,0,0,0,0,0,0,0,0,0,0,0,0,0,0,0,0,0,0,0,0,0,0,0,0,0,0,0,0,0,0,0,0,0,0,0,0,0,0,0,0,0,0,0,0,0,0,0,0,0,0,0,1,0,0,0,0,0,1,0,4,0,4,8,14,14,30,3,5,0,4,1,6,72,1,4,26,8,1,0,0,0,0,0,0,0,0,0,0,0,0,0,0,0,0,0,0,0,0,0,0,0,0,0,0,0,0,0,0,0,0
0,2,0,0,0,0,0,6,0,0,0,0,0,0,0,0,0,0,0,0,0,2,0,0,0,0,0,0,5,0,1,0,1,4,0,0,0,0,0,0,9,0,3,0,0,0,0,4,0,0,0,0,0,0,0,0,0,0,0,0,0,0,0,0,0,0,0,0,0,0,0,0,0,0,0,0,0,0,0,0,0,0,0,0,0,0,0,0,0,0,0,0,0,0,0,0,0,0,0,0,0,0,0,0,0,0,0,0,0,0,0,0,0,0,0,0,0,0,0,0,0,0,0,0,0,0,0,0,0,0,0,0,0,0,0,0,0,0,0,0,0,0,0,0,0,0,0,0,0,0,0,0,0,0,0,0,0,0,0,0,0,0,0,0,0,0,0,0,0,0,0,0,0,0,0,0,0,0,0,0,0,0,0,0,0,0,0,0,0,0,0,0,0,0,0,0,0,0,0,0,0,0,0,0,0,0,0,0,0,0,0,0,0,0,0,0,0,0,0,0,0,0,0,0,0,0,0,0,0,0,0,0,0,0,0,0,0,0,0,4,0,0,2,0,10,14,5,4,9,10,33,40,3,22,6,12,23,7,41,79,18,13,56,12,61,104,22,39,75,9,21,54,7,12,4,9,9,1,16,3,0,14,13,7,2,12,4,16
9,5,12,9,3,26,19,4,0,0,0,0,17,6,4,11,2,2,8,0,0,3,1,15,15,7,1,17,8,0,6,0,4,9,4,0,4,0,0,0,0,0,0,0,0,0,0,0,0,0,0,0,0,0,0,0,0,0,0,0,0,0,0,0,0,0,0,0,0,0,0,0,0,0,1,0,0,0,0,0,0,0,0,0,0,0,0,0,0,0,3,0,0,0,0,0,0,0,0,0,0,0,0,0,0,0,4,0,0,0,0,0,0,0,0,0,0,0,0,0,0,1,0,0,0,2,0,0,0,0,0,0,0,0,0,0,8,2,6,0,1,0,0,0,0,5,0,0,1,0,0,3,0,0,0,0,0,0,0,0,0,0,0,0,0,0,0,0,0,0,0,0,4,0,8,0,0,0,0,0,0,0,0,0,0,0,0,0,0,0,0,0,0,0,0,0,0,0,0,0,0,0,0,0,0,0,0,0,0,0,0,0,0,0,0,0,0,0,0,0,0,0,0,0,0,0,0,0,0,0,0,0,0,0,0,0,0,0,0,0,0,0,0,0,0,4,0,2,19,1,0,0,0,3,5,8,8,12,11,17,4,7,4,0,4,0,0,0,0,0,0,0,0,0,0,0,0,0,0,0,0,0,0,0,0,0,0,0
0,0,0,0,0,0,0,0,0,0,0,0,0,0,0,0,0,0,0,0,0,0,0,0,0,0,0,0,0,0,0,0,0,0,0,0,0,0,0,0,0,0,0,0,0,0,0,0,0,0,0,0,0,0,0,0,0,0,0,0,0,0,0,0,0,0,0,0,0,0,0,0,0,0,0,0,0,0,0,0,0,0,0,0,0,0,0,0,0,0,0,0,0,0,0,0,0,0,0,0,0,0,0,0,0,0,0,0,0,0,0,0,0,0,0,0,0,0,0,0,0,0,0,0,0,0,0,0,0,0,0,0,0,0,0,0,0,0,0,0,0,0,0,0,0,0,0,0,0,0,0,0,0,0,0,0,0,0,0,0,0,0,0,0,1,0,0,0,0,0,0,0,0,0,0,0,0,0,0,0,0,0,0,0,0,0,0,0,0,0,0,0,0,0,0,0,0,0,0,0,0,0,0,0,0,0,0,0,0,0,0,0,0,0,0,0,0,0,0,0,0,0,0,0,0,0,0,0,0,0,0,0,0,0,0,0,0,0,0,0,0,0,0,0,0,0,0,0,0,0,0,0,0,0,0,0,0,3,0,0,2,0,0,0,0,0,0,0,0,0,0,0,0,0,0,0,0,0,0,0,0,0,0,0,18,0,0,4
0,0,0,0,0,0,0,0,0,0,0,0,0,0,0,0,0,0,0,0,0,0,1,0,0,4,0,0,0,0,0,0,0,0,0,0,0,0,0,0,0,0,0,2,2,1,0,0,0,1,0,0,0,0,0,0,0,3,0,0,0,0,0,0,0,0,0,0,0,0,0,0,0,0,0,0,0,0,0,0,0,0,0,0,0,0,0,0,0,0,0,0,0,0,0,0,0,0,0,0,0,0,0,0,0,0,0,0,0,0,0,0,0,0,0,0,0,0,0,0,0,0,0,0,0,0,0,0,0,0,0,0,0,0,0,0,0,0,0,0,0,0,0,0,0,0,0,0,0,0,0,0,0,0,0,0,0,0,0,0,0,0,0,0,0,0,0,0,0,0,0,0,0,0,0,0,0,0,0,0,0,0,0,0,0,0,0,0,0,0,0,0,0,0,0,0,0,0,0,0,0,0,0,0,0,0,0,0,0,0,0,0,0,0,0,0,0,0,0,0,0,0,0,0,0,0,0,0,0,0,0,0,0,0,0,0,0,0,0,0,0,0,0,0,0,11,0,0,4,0,0,0,0,0,0,0,0,0,0,0,0,0,1,0,0,0,0,0,0,0,0,0,0,0,0,0,0,0,0,0,0,0,0,0,0,0,0,0
0,0,0,0,0,0,0,0,0,0,0,0,0,0,0,0,0,0,0,0,0,0,0,0,0,0,0,0,0,0,0,0,0,0,0,0,0,0,0,0,0,0,0,0,0,0,2,0,0,0,0,0,0,0,0,0,0,0,0,0,0,0,0,0,0,0,0,0,0,0,0,0,0,0,0,0,0,0,0,0,0,0,0,0,0,0,0,0,0,0,0,0,0,0,0,0,0,0,0,0,0,0,0,0,0,0,0,0,0,0,0,0,0,0,0,0,0,0,0,0,0,0,0,0,0,0,0,0,0,0,0,0,0,0,0,0,0,0,0,0,0,0,0,0,0,0,0,0,0,0,0,0,0,0,0,0,0,0,0,0,0,0,0,0,0,0,0,0,0,0,0,0,0,0,0,0,0,0,0,0,0,0,0,0,0,0,0,0,0,0,0,0,0,0,0,0,0,0,0,0,0,0,0,0,0,0,0,0,0,0,0,0,0,0,0,0,0,0,0,0,0,0,0,0,0,0,0,0,0,0,0,0,0,0,0,0,0,0,0,0,0,0,0,0,0,0,0,4,0,0,0,2,0,0,0,0,2,0,0,0,0,0,2,0,0,0,0,0,1,0,0,0,0,0,0,0,0,0,0,0,0,0,0,0,0,0,0,4
0,1,2,0,0,0,0,0,0,0,0,0,0,0,0,0,0,0,0,2,0,0,0,0,0,0,0,0,1,0,0,0,0,0,0,0,0,0,0,0,0,2,0,0,0,0,0,0,0,0,0,0,0,2,0,0,0,0,0,0,0,0,0,0,0,0,0,0,0,0,0,0,0,0,0,0,0,0,0,0,0,0,0,0,0,0,0,2,5,0,0,0,0,0,0,0,0,0,0,0,0,0,0,0,0,0,0,0,0,0,0,0,0,0,0,0,0,0,0,0,0,0,0,0,0,0,0,0,0,0,0,0,0,0,0,0,0,0,0,0,0,0,0,0,0,0,0,0,0,0,0,0,0,0,0,0,0,0,0,0,0,0,0,0,0,0,0,0,0,0,0,0,0,0,0,0,0,0,0,0,0,0,0,0,0,0,0,0,0,0,0,0,0,0,0,0,0,0,0,0,0,0,0,0,0,0,0,0,0,0,0,0,0,0,0,0,0,0,0,0,0,0,0,0,0,0,0,0,0,0,0,0,0,0,0,0,0,0,0,0,0,0,0,0,0,0,0,0,0,0,0,0,0,0,0,0,0,0,0,4,0,0,0,0,0,0,0,0,8,0,0,0,1,0,3,1,0,0,0,0,0,0,0,0,0,0,0,0
0,0,0,0,0,0,0,0,0,0,0,0,0,0,0,0,0,0,0,0,0,0,0,0,0,0,0,0,0,0,0,0,0,0,0,1,0,0,0,0,0,0,0,2,0,0,0,0,0,0,0,0,0,0,0,0,0,4,0,0,0,0,0,0,0,0,0,0,0,0,0,0,0,0,0,0,0,0,0,0,0,0,0,0,0,0,0,0,0,0,0,0,0,0,0,0,0,0,0,0,0,0,0,0,0,0,0,0,0,0,0,0,0,0,0,0,0,0,0,0,0,0,0,0,0,0,0,0,0,0,0,0,0,0,0,0,0,0,0,0,0,0,0,0,0,0,0,0,0,0,0,0,0,0,0,0,0,0,0,0,0,0,0,0,0,0,0,0,0,0,0,0,0,0,0,0,0,0,0,0,0,0,0,0,0,0,0,0,0,0,0,0,0,0,0,0,0,0,0,0,0,0,0,0,0,0,0,0,0,0,0,0,0,0,0,0,0,0,0,0,0,0,0,0,0,0,0,0,0,0,0,0,0,0,0,0,0,0,0,0,0,0,0,0,0,0,0,0,0,0,0,0,0,0,0,0,0,0,0,0,0,0,0,0,0,0,0,0,0,0,0,0,0,0,0,0,0,0,0,0,0,0,0,0,0,0,0,0
0,0,0,0,0,0,0,0,0,0,0,0,0,0,0,0,0,0,0,0,0,0,0,0,2,0,0,0,0,0,0,0,0,0,0,0,0,0,0,0,0,0,0,0,0,0,0,0,0,0,0,0,0,0,0,0,8,0,0,1,0,0,0,0,0,0,0,0,0,0,0,0,0,0,0,0,0,0,0,0,0,0,0,0,0,0,0,4,0,0,0,0,0,0,0,0,0,0,0,0,0,0,0,0,0,0,0,0,0,0,0,0,0,0,0,0,0,0,0,0,0,0,0,0,0,0,0,0,0,0,0,0,0,0,0,0,0,0,0,0,0,0,0,0,0,0,0,0,0,0,0,0,0,0,0,0,0,0,0,0,0,0,0,0,0,0,0,0,0,0,0,0,0,0,0,0,0,0,0,0,0,0,0,0,0,0,0,0,0,0,0,0,0,0,0,0,0,0,0,0,0,0,0,0,0,0,0,0,0,0,0,0,0,0,0,0,0,0,0,0,0,0,0,0,0,0,0,0,0,0,0,0,0,0,0,0,0,0,0,0,0,0,0,0,0,0,0,0,0,0,0,0,0,0,0,0,0,0,0,0,0,0,0,0,0,0,0,0,0,0,0,0,0,0,0,0,0,0,0,0,0,0,0,0,0,0,0,0
0,0,0,0,0,0,0,0,0,0,0,0,0,0,0,0,0,0,0,0,0,0,0,0,0,0,0,0,0,0,0,0,0,0,0,0,0,0,0,0,0,0,0,0,0,0,0,0,0,0,0,0,0,0,0,0,0,0,0,0,0,0,0,0,0,0,0,0,0,0,0,0,0,0,0,0,0,0,0,0,0,0,0,0,0,0,0,0,0,0,0,0,0,0,0,0,0,0,0,0,0,0,0,0,0,0,0,0,0,0,0,0,0,0,0,0,0,0,0,0,0,0,0,0,0,0,0,0,0,0,0,0,0,0,0,0,0,0,0,0,0,0,0,0,0,0,0,0,0,0,0,0,0,0,0,0,0,0,0,0,0,0,0,0,0,1,2,0,0,18,0,4,19,4,12,17,21,48,29,31,85,24,25,80,40,43,73,50,40,31,32,36,8,3,4,0,0,0,0,0,0,0,2,0,0,0,0,0,0,0,0,0,0,0,0,0,0,0,0,0,0,0,0,0,0,0,0,0,0,0,0,0,0,0,0,0,0,0,0,0,0,0,0,0,0,0,0,0,0,5,4,11,5,3,0,9,0,5,0,6,12,4,3,0,1,0,11,0,4,1,0,9,16,30,45,61,83,90,91,152,156,173,168,226,173,158,172,198
0,183,125,128,143,103,143,71,95,145,96,115,152,45,67,171,54,111,178,15,51,56,18,49,0,2,32,10,0,20,0,0,59,0,0,24,4,6,24,2,4,71,28,29,94,30,29,57,1,2,10,0,0,0,0,0,0,0,0,0,1,17,2,0,11,19,0,0,0,0,0,0,0,0,0,0,0,0,1,0,0,0,0,0,0,0,0,0,0,0,0,0,0,0,0,0,0,0,0,0,0,0,0,0,0,0,0,0,0,0,0,0,0,0,0,0,0,0,0,0,0,0,0,0,0,0,0,0,0,0,0,0,0,0,0,0,0,0,0,0,0,0,0,0,0,0,0,0,0,0,0,0,0,0,0,0,0,0,0,0,0,0,0,0,0,0,0,0,0,0,0,0,0,0,0,0,0,0,0,0,0,0,0,0,0,0,0,0,0,0,0,0,0,0,0,0,0,0,0,0,0,0,0,0,0,0,1,0,0,0,0,0,0,0,0,0,0,0,0,0,0,0,0,0,0,0,0,0,0,0,0,0,0,0,0,0,0,0,0,0,3,0,0,0,0,0,0,0,0,17,0,1,22,2,0,32,3,0,33,3,4,12,0,4,17,5,1,34,4,4,9,0,0,37,0,0,7,0,4,13,0,1,44,3,23,21,0,0
0,0,0,2,0,0,16,0,0,0,0,0,6,0,1,0,0,1,37,11,0,0,0,0,0,0,1,1,0,0,0,0,0,0,0,0,8,0,0,4,0,0,0,0,0,0,0,0,0,0,0,0,0,0,0,0,0,0,0,0,0,0,0,0,0,0,0,0,0,0,0,0,0,0,0,0,0,0,0,0,0,0,0,0,0,0,0,0,0,0,0,0,0,0,0,0,0,0,0,0,0,0,0,0,0,0,0,0,0,0,0,0,0,0,0,0,0,0,0,0,0,0,0,0,0,0,0,0,0,0,0,0,0,0,0,0,0,0,0,0,0,0,0,0,0,0,0,0,0,0,0,0,0,0,0,0,0,0,0,0,0,0,0,0,0,0,0,0,0,0,0,0,0,0,0,0,0,0,0,0,0,0,0,0,0,0,0,0,0,0,0,0,0,0,0,0,0,0,0,0,0,0,0,0,0,0,0,0,0,0,0,0,0,0,0,0,0,0,0,0,0,0,0,0,0,0,0,0,0,0,0,0,0,0,0,0,0,0,0,0,0,0,0,0,0,0,0,0,0,0,1,0,0,10,0,4,8,21,39,27,15,55,15,8,18,17,35,23,1,5,3,8,21,1,0,1,0,38,6,0,0,0,0,0,0,0,0,3
0,1,0,0,0,0,0,0,0,0,0,0,0,0,0,0,0,0,0,0,0,0,0,0,0,0,0,5,4,0,0,0,0,0,0,0,0,0,0,0,0,0,0,0,0,0,0,0,0,0,0,0,0,0,0,0,0,0,0,1,0,0,0,0,0,0,0,0,0,0,0,0,0,0,0,0,0,0,0,0,0,0,0,0,0,0,0,0,0,0,0,0,0,0,0,0,0,0,0,0,0,0,0,0,0,0,0,0,0,0,0,0,0,0,0,0,0,0,0,0,0,0,0,0,0,0,0,0,0,0,0,0,0,0,0,0,0,0,0,0,0,0,0,0,0,0,0,0,0,0,0,0,0,0,0,0,0,0,0,0,0,0,0,0,0,0,0,0,0,0,0,0,0,0,0,0,0,0,0,0,0,0,0,0,0,0,0,0,0,0,0,0,0,0,0,0,0,0,0,0,0,0,0,0,0,0,0,0,0,0,0,0,0,0,0,0,0,0,0,0,0,0,0,0,0,0,0,0,0,0,0,0,0,0,0,0,0,0,0,0,0,0,0,0,0,0,0,0,0,0,0,0,0,0,3,0,0,0,0,0,2,0,0,0,0,0,0,0,0,0,0,0,0,0,1,0,0,0,0,0,0,0,0,0,0,0,0,0
0,0,0,0,0,0,0,0,0,0,0,0,0,0,0,0,0,0,0,0,0,0,0,0,0,0,0,0,0,0,0,0,0,0,0,0,0,0,0,0,0,0,0,0,0,0,0,0,0,0,0,5,0,0,0,0,0,0,0,0,0,0,0,0,0,0,0,0,0,0,0,0,0,0,0,0,0,0,0,0,0,0,0,0,0,0,0,0,0,0,0,0,0,0,0,0,0,0,0,0,0,0,0,0,0,0,0,0,0,0,0,0,0,0,0,0,0,0,0,0,0,0,0,0,0,0,0,0,0,0,0,0,0,0,0,0,0,0,0,0,0,0,0,0,0,0,0,0,0,0,0,0,0,0,0,0,0,0,0,0,0,0,0,0,0,0,0,0,0,0,0,0,0,0,0,0,0,0,0,0,0,0,0,0,0,0,0,0,0,0,0,0,0,0,0,0,0,0,0,0,0,0,0,0,0,0,0,0,0,0,0,0,0,0,0,0,0,0,0,0,0,0,0,0,0,0,0,0,0,0,0,0,0,0,0,0,0,0,0,0,0,0,0,0,0,0,0,0,0,0,0,0,0,0,0,0,0,0,0,0,0,0,0,0,0,0,0,0,0,0,0,0,0,0,0,0,0,0,0,0,0,0,0,0,0,0,0,0
