4,11,23,32,14,14,9,0,4,10,26,39,69,17,9,3,15,14,26,21,49,18,34,56,67,44,30,32,34,13,23,33,111,87,83,77,65,76,82,99,123,53,85,69,105,74,30,4,24,102,48,0,13,84,53,4,38,54,10,30,43,21,5,39,8,11,23,0,15,35,19,20,53,23,48,58,61,187,211,179,224,251,159,114,112,29,23,21,6,6,0,1,7,2,18,9,13,16,29,29,62,67,83,118,69,66,41,0,0,0,0,8,1,0,0,0,4,1,2,0,0,0,12,2,16,36,79,87,33,47,51,19,25,2,8,2,22,8,1,6,4,0,2,0,6,5,0,29,40,59,63,24,26,12,20,23,13,68,71,114,64,36,42,17,29,24,60,0,26,5,0,0,4,0,0,4,31,18,0,0,0,0,0,6,7,0,0,0,0,0,0,4,2,0,21,0,0,0,0,0,0,0,0,0,2,0,0,2,6,5,0,0,0,13,15,30,24,142,66,50,48,80,86,99,113,150,211,54,52,107,71,33,66,191,112,36,8,63,74,88,78,198,200,475,309,297,210,104,159,215,190,283,274,268,339,254,354,180,257,278,358,501,661,890,536,706,624,724,467,559,809,551,880,780,865,818,637,710,602,748,487,602,911,1033,417,592,450,406
440,214,193,139,238,339,842,315,343,448,574,247,146,77,213,161,397,541,687,783,1014,1250,1443,772,578,602,335,411,531,383,532,488,526,524,475,354,452,431,580,1078,1130,1395,991,1412,770,720,579,706,542,413,367,297,392,192,216,255,129,248,311,502,721,644,1003,934,697,664,476,335,487,471,303,317,380,186,217,264,273,398,656,664,1030,1331,1819,2188,1549,1096,855,902,854,763,660,767,744,676,517,574,570,789,885,1017,1317,1691,2104,2095,1614,1374,1477,1010,925,1153,837,742,695,785,729,664,731,813,1184,1366,1465,1239,891,808,938,494,379,420,262,345,331,338,252,480,391,496,423,483,383,415,279,115,229,294,291,215,192,135,126,139,115,92,147,115,96,199,288,259,353,376,149,78,62,43,13,0,3,0,3,1,4,11,0,0,28,11,26,33,44,10,2,137,169,156,129,42,20,52,35,27,28,4,14,0,6,20,2,0,4,35,41,35,39,26,55,46,33,81,15,29,51,41,85,70,26,108,121,121,141,35,21,29,78,71,120,43,103,24,54,51,162,117,76,94,75,227,236,222,397,544,577,441,407,262,185,202,176,310,352,203,99,91,53,56,142,67,62,88,96,90,151,118,143,135,77,184,278,160,95,49,2,9,0,10,32,1,20,15,10,13,16,16,48,0,0,11,29,0
19,0,10,10,25,18,62,30,8,0,0,7,0,0,45,41,133,117,101,67,16,4,2,7,46,61,56,11,0,4,0,4,0,0,9,6,0,0,0,2,20,20,35,57,85,104,139,87,24,38,24,8,147,209,270,317,219,151,118,112,72,137,5,2,10,7,63,60,162,125,80,22,43,45,69,4,6,1,4,40,91,157,128,16,10,72,41,21,38,29,71,5,4,3,5,25,38,61,49,18,63,20,18,0,0,0,0,0,0,0,0,0,0,0,0,0,6,6,0,0,0,0,0,8,3,0,16,23,7,36,34,27,28,39,22,35,57,101,117,126,76,35,23,24,25,10,3,2,2,0,0,0,0,0,0,0,0,0,0,0,0,0,0,0,0,13,9,0,0,0,0,0,0,0,0,0,11,14,21,19,35,49,66,21,29,25,33,4,26,25,29,19,0,0,16,9,0,0,0,0,0,0,0,22,32,30,46,41,54,83,39,43,42,51,42,6,10,12,51,34,26,0,3,2,6,14,4,0,6,40,86,130,88,79,41,16,32,18,15,33,10,38,140,235,233,168,73,135,41,48,50,213,235,346,152,165,70,53,39,117,272,204,137,25,60,76,120,174,172,101,59,60,157,318,256,54,55,48,111,235,226,175,89,119,54,130,144,57
76,20,20,18,49,55,104,11,9,29,113,140,0,4,14,2,36,103,33,87,0,46,121,161,384,236,151,115,164,202,354,407,290,232,216,250,194,291,394,465,263,211,200,252,341,551,348,283,331,318,305,245,473,467,465,345,263,286,265,221,265,297,429,361,223,221,225,273,329,417,651,397,425,218,223,99,75,259,300,417,283,89,74,90,210,249,453,587,209,182,194,200,275,349,299,356,182,86,40,36,143,254,177,68,36,7,0,7,40,7,51,47,18,25,26,22,34,60,85,47,14,11,11,0,0,0,0,3,30,43,17,14,21,20,5,0,1,0,0,0,6,0,1,0,0,0,0,0,10,0,0,0,0,0,0,4,0,0,7,14,15,18,18,21,21,17,34,6,0,0,0,6,12,11,21,8,1,0,9,0,0,0,0,0,0,0,0,0,0,0,0,0,0,0,0,11,0,0,0,0,17,8,19,3,20,0,0,12,6,42,33,49,30,36,61,21,31,3,6,33,8,10,12,11,34,41,26,36,13,46,33,47,55,101,78,56,138,220,221,204,478,454,700,613,690,545,679,476,378,457,407,473,658,810,1003,1442,1289,860,498,494,661,467,535,853,1163,1288,1342,1274,927,980,741,1257,1971,2096,1923,1360,1071,1069,1307,1781,1966,2487,2171,1477,1505,1278,1722,2237
2098,2014,1533,1419,1248,1658,2571,2686,2310,1999,1831,1658,1729,3605,3395,2446,1788,1592,2499,3065,3734,2291,1770,1419,1611,2480,2843,2525,1410,1350,1469,2917,3018,1767,1267,745,861,2483,3072,2220,1443,1350,1952,2542,2704,1461,1278,1271,1768,2127,2500,1743,976,885,1534,1877,2083,1316,653,670,624,1339,1897,1197,828,866,931,1283,1585,1257,727,382,219,525,1037,1119,789,511,331,426,692,973,816,432,405,353,857,1193,1525,808,438,453,389,349,1083,1193,614,359,380,356,585,802,1166,549,413,353,210,594,1032,951,502,359,283,157,451,703,488,165,65,120,165,191,345,257,235,87,173,106,43,63,30,62,21,30,31,22,37,89,236,241,100,141,130,217,142,172,111,53,166,63,142,76,41,61,139,108,93,162,104,135,69,60,20,91,120,191,212,215,335,151,374,187,340,216,506,705,619,465,427,283,237,211,307,308,365,360,326,359,295,229,460,832,989,954,848,679,389,318,314,334,339,364,311,358,504,677,995,900,666,548,523,435,528,471,609,543,600,685,953,1837,1535,1013,575,550,726,1035,1336,1520,1870,2259,2938,3457,2834,2405,1903,2203,2258,2109,1991,2263,2715,3239,3331,3121,2118,2076,2135,2474,2438,2511,3113,3566,4191,4437,3214,2425,2665,2646,2999,3294,3531,3270,4364,4048,3804,2769,2710,2802,3094,3492,3533,4535,4597,4428,3606,2763,3372,3101,3327,3220,3702,4445,5676,5074,3813,4182,4424,4279
4962,4894,6726,6575,5700,4592,4448,4974,4313,4205,5227,6741,6796,6164,5012,5073,5325,5039,5378,6059,7668,7533,4809,5203,4691,5404,5980,6290,5645,5758,4784,4623,4880,4966,5241,5355,6582,7396,6189,4171,4027,4270,4710,5156,5196,6734,6097,3730,3583,3774,3747,4388,4568,5598,5238,3271,2610,3069,3556,3009,3222,3954,4606,2525,1707,2272,2127,2804,2832,3710,3815,2481,1550,1693,1200,1609,2075,2811,2381,1459,1390,1928,1882,2248,2441,3520,2860,1756,1812,2812,1962,2211,2437,3054,2289,1719,1480,1853,1955,2244,2775,3158,2778,2409,2136,2150,2209,2552,3980,3494,2580,2390,2535,2723,2952,3123,4464,3213,2758,2853,2697,2449,3114,3843,3798,3009,2679,2876,3221,3011,3559,4073,4004,3132,2787,2979,2949,3167,4338,4412,3190,2845,3126,3323,3716,3703,4597,4186,2842,3153,2971,3344,3492,4418,3650,2718,2979,3232,3276,3738,4670,3495,2958,2551,3062,3258,3763,3759,2849,2428,2298,2713,3017,4086,3154,2621,2326,2396,2696,4275,3447,2653,2721,2520,2433,2932,3271,2241,1881,1993,1947,2907,2886,1687,1832,1711,1980,1936,3190,2423,1832,1545,1719,1789,2864,2276,1344,1523,1398,1581,2218,2707,1735,1666,1712,2043,1983,2921,1900,1477,1519,1588,2415,2911,1863,2049,2125,2562,3712,2684,1894,1491,2117,2368,2684,1287,1359,1541,1837,2216,1683,739,726,897,1197,1928,364,536,570,1006,1268,962,515,419,573,828,1304,516,199,144,423,871,231,249,271,439,656,742,371,448,451,411,932,386,423,446,578,1369,627,382,360,574,856,913,283,327,353,446
740,304,193,325,267,539,641,360,326,318,457,541,126,26,17,65,271,17,30,18,29,54,59,5,8,37,66,171,2,49,21,39,172,25,22,20,40,277,125,33,46,15,46,65,29,38,23,90,44,13,7,78,89,68,6,32,36,92,52,14,41,38,123,78,25,69,71,172,112,120,108,121,321,175,89,142,127,199,94,90,99,234,347,208,208,215,185,355,176,195,170,303,402,84,175,123,215,391,187,222,165,316,492,259,221,256,341,449,171,146,208,219,326,173,156,221,404,237,150,187,148,294,63,50,5,2,92,0,1,18,29,40,32,25,27,8,32,17,20,54,89,14,23,57,49,120,68,83,86,123,137,76,81,91,106,146,45,78,48,97,123,27,4,0,27,50,0,0,0,10,35,14,0,0,0,0,6,0,0,4,0,18,5,0,0,0,6,7,2,11,8,0,0,0,0,0,5,0,6,0,0,0,0,0,0,0,0,0,0,0,0,10,6,0,0,4,4,7,8,0,28,19,67,4,9,56,68,183,49,43,79,91,220,50,75,60,237,350,94,98,109,104,302,134,55,101,122,306,105,34,4,201,272,89,108,142,159,489,81,67,140,146,573,90,78,26,16,260,97,40,206,131,336,43,104,24,89,260,50,29,50,105,263,70,57,67,138,239
79,74,67,67,166,16,44,16,90,180,26,20,55,79,253,245,22,58,81,57,43,115,165,119,24,23,44,61,75,187,341,247,111,23,26,96,33,21,36,45,156,219,188,119,6,10,3,4,0,6,12,0,16,0,4,0,0,9,4,0,0,0,0,14,20,25,8,34,12,6,0,18,0,13,50,25,25,2,6,15,31,54,41,41,25,12,2,5,7,0,0,0,0,0,0,0,0,4,55,20,7,0,0,0,0,0,8,0,0,0,0,0,0,0,0,0,0,0,0,0,0,0,0,0,0,0,0,0,0,0,0,0,0,2,0,0,6,0,0,0,0,0,0,0,0,0,0,0,0,0,0,0,0,0,0,0,0,0,0,0,0,0,0,0,0,0,0,1,6,6,0,0,0,0,0,0,2,0,0,0,0,0,0,0,0,0,0,0,0,0,0,0,0,0,0,0,1,0,0,0,0,0,0,12,0,0,0,0,0,0,0,0,0,0,0,0,0,0,0,0,0,0,0,4,26,46,0,0,2,88,90,10,6,34,49,96,56,11,4,4,23,47,44,24,12,9,0,17,13,18,50,12,28,7,5,0,6,0,33,12,0,59,21,67,106,40,34,12,14,2,0,0,0,0,3,0,2,0,0,0,0,0,0,0,13,35,0,19
18,8,2,2,28,12,32,10,4,0,30,50,113,56,65,45,56,12,10,45,3,31,15,6,5,0,0,8,4,24,0,0,4,0,26,8,2,0,3,69,44,15,36,21,44,25,11,23,14,0,0,0,1,0,0,25,25,22,11,2,0,2,0,5,0,29,46,84,114,116,29,28,11,9,13,0,17,32,6,25,45,53,25,21,21,2,23,13,18,83,36,42,44,9,9,0,0,0,0,16,0,0,0,0,0,0,0,0,0,0,0,9,0,0,0,2,13,13,4,0,0,0,0,0,0,0,0,0,0,0,0,0,0,0,0,0,0,0,0,0,0,0,0,0,0,0,0,0,0,0,0,0,0,0,0,0,0,0,0,0,0,0,0,0,0,0,0,0,0,0,0,0,0,0,0,0,0,0,0,0,0,0,0,0,0,6,0,0,0,0,0,0,0,4,0,0,0,4,0,0,0,4,0,0,0,0,1,8,0,0,0,0,0,8,0,0,0,0,0,7,14,0,0,0,0,12,29,21,21,10,45,25,210,190,47,76,84,57,87,213,115,53,46,77,166,218,82,17,130,126,107,197,99,55,81,83,197,254,91,10,60,47,97,82,108,44,31,7,12,36,97,8,5,17,81,148,92,66,95,135,156,273,218,119,167,118,225,424
261,147,165,229,269,449,188,189,151,217,300,259,179,135,204,212,299,306,248,218,189,189,411,220,181,205,174,241,280,145,195,124,163,321,227,220,221,172,285,368,125,93,118,148,319,224,168,63,156,154,370,117,71,80,179,192,261,29,62,151,230,319,74,104,35,76,120,180,37,39,46,89,229,66,26,34,92,105,139,89,52,43,166,52,342,251,64,21,10,108,323,416,350,219,227,194,159,182,197,394,103,37,34,26,2,77,172,2,0,0,0,17,9,122,5,6,5,9,5,16,29,19,21,2,0,0,0,0,0,0,4,0,6,11,37,1,6,0,0,0,13,0,0,0,0,0,0,0,0,0,0,0,0,0,0,0,0,0,4,0,0,0,0,0,0,2,0,0,0,0,0,0,2,0,0,0,11,0,0,0,0,0,0,0,0,0,0,0,0,10,6,0,0,0,0,0,0,0,0,0,0,0,8,32,8,0,0,0,0,0,0,2,0,0,4,0,8,12,15,6,16,2,0,0,33,29,42,20,31,70,63,116,220,107,119,132,129,189,221,211,133,94,140,153,264,298,143,165,131,134,143,219,352,249,215,173,211,147,254,355,390,84,185,178,142,80,205,235,169,200,193,178,196,133,183,116,68,73,55,60,88,55,142,259,126,45,48,46
44,58,39,32,162,70,28,38,33,46,66,94,115,73,194,89,24,29,19,9,32,28,27,43,94,36,0,2,3,1,0,39,14,29,43,67,92,10,6,13,4,11,39,27,55,67,124,100,53,11,25,0,0,8,8,20,9,0,30,11,2,4,0,0,0,0,0,0,0,30,88,104,60,42,43,0,0,0,0,0,1,0,0,0,0,0,2,0,0,0,0,0,0,0,0,0,12,0,13,4,0,0,0,0,5,0,0,0,0,4,0,13,0,44,8,0,0,0,0,0,0,0,0,4,0,0,0,0,0,0,8,0,0,13,0,0,0,0,0,0,0,0,0,0,0,0,0,0,0,0,0,0,6,0,0,0,0,0,0,0,0,0,0,0,0,0,0,0,0,0,0,0,0,0,0,0,0,0,0,0,0,0,0,0,0,0,0,0,6,16,7,0,0,0,0,0,0,0,0,0,0,0,0,0,0,0,0,0,0,0,0,0,0,0,0,0,2,0,0,0,0,27,10,19,6,0,1,9,9,25,37,58,63,54,37,67,59,37,89,68,42,80,56,57,44,36,63,18,2,49,27,34,28,5,0,5,18,26,36,0,81,0,86,14,49,21,39,1,0,0,37,30,9,117,65,7,19,5,5,8,10,3,58,93,101,53,29,19
4,4,4,72,7,34,18,6,0,0,0,13,8,1,40,37,0,4,0,1,30,60,53,4,4,6,0,0,31,3,50,0,4,0,0,10,6,30,0,8,0,9,34,36,13,1,0,3,18,55,27,11,1,0,0,0,16,7,2,0,22,15,15,0,0,7,0,0,8,0,0,4,22,49,21,0,0,0,50,40,20,0,1,2,2,22,0,9,0,32,107,83,14,0,7,58,80,49,39,15,27,55,67,21,0,0,0,3,9,0,0,0,0,26,11,11,12,49,4,50,4,0,0,0,0,0,0,0,0,0,0,0,0,0,0,0,0,0,0,0,0,0,0,0,0,1,8,0,0,0,0,0,0,0,0,0,0,0,0,0,0,0,0,0,0,0,0,0,0,0,0,0,4,0,0,15,0,4,3,1,6,32,29,19,34,1,0,0,0,0,0,0,2,6,13,2,16,23,14,14,0,0,0,0,0,0,0,2,0,0,0,0,0,10,0,0,0,7,0,3,0,0,11,0,0,0,4,4,6,42,0,51,54,55,48,20,0,2,10,18,0,7,15,26,6,13,0,5,1,0,6,33,13,71,213,144,121,136,87,59,231,165,96,99,71,41,32,0,55,182,249,305,256,144,103,57,49,20,16,51,134,160,38,23,0,0,0,0
17,0,61,0,0,0,0,0,0,0,13,34,0,15,16,0,4,58,89,10,17,22,6,2,5,58,73,32,33,40,8,60,79,121,104,86,29,28,73,82,117,2,16,15,0,0,37,0,3,8,0,0,0,35,17,4,26,46,75,127,120,115,104,36,40,115,142,40,12,9,31,181,74,27,11,0,6,0,20,6,6,7,33,28,13,4,0,0,30,44,22,41,43,11,144,164,92,33,18,28,67,52,0,7,0,17,29,0,0,0,0,0,0,0,0,0,0,0,0,0,0,0,0,0,0,0,0,0,0,0,0,0,0,0,0,16,0,0,0,0,0,0,0,0,0,0,0,0,0,0,0,0,0,0,0,0,0,0,0,0,0,0,0,0,0,13,17,0,0,0,0,0,0,0,0,0,0,0,0,0,0,0,0,0,0,8,0,0,8,0,9,2,0,0,0,6,9,7,9,0,0,0,0,0,0,0,0,0,0,0,0,0,0,4,3,13,0,0,0,0,13,10,5,10,0,12,34,11,40,67,11,18,26,16,14,69,8,13,21,12,52,114,68,165,114,170,111,190,28,98,58,125,104,92,153,65,89,64,104,49,47,57,43,62,57,45,24,27,196,194,110,78,154,233,76,107,71,95,81,41,20,27,34,3,24,48,69,29
25,111,81,27,81,82,33,19,25,4,4,10,12,64,169,191,71,36,31,39,55,47,57,37,70,134,236,175,102,75,112,36,65,76,50,76,169,136,286,201,119,87,93,105,77,185,163,300,356,223,181,141,112,131,149,211,395,570,836,849,589,359,354,328,418,523,625,702,337,249,150,194,232,283,411,325,390,296,162,165,202,75,84,95,146,133,129,42,31,22,40,21,176,114,28,41,5,0,21,80,106,63,12,8,13,10,32,74,141,138,139,53,43,14,0,0,15,40,21,13,9,13,8,0,27,22,43,36,24,21,0,0,0,0,0,0,0,0,0,0,0,0,0,0,0,0,0,0,0,0,0,0,0,0,0,0,0,0,0,0,0,0,0,0,0,0,0,0,0,0,0,0,0,0,0,0,0,0,0,0,0,17,19,0,19,27,4,14,0,10,13,2,0,4,3,4,10,5,0,0,0,0,0,4,0,0,0,0,0,0,0,0,0,0,0,0,0,0,0,0,6,14,5,13,3,15,23,21,45,58,15,13,24,20,59,57,6,26,57,90,134,88,51,22,44,65,22,35,8,10,42,40,95,183,115,25,10,9,13,13,13,52,120,81,146,29,31,33,3,4,8,38,93,45,23,0,40,36,33,13,39,75,64,34,13,25,15,30
52,20,18,44,95,81,51,4,23,37,22,18,127,139,268,139,86,60,87,116,193,236,472,460,279,262,288,320,243,299,509,666,707,649,509,490,487,502,652,829,1010,795,697,588,633,587,868,1132,1599,1220,1006,891,1017,933,1011,1747,2038,1320,1310,1324,1157,1507,1731,1764,2127,1763,1353,1281,1375,1406,1973,2361,2129,1738,1457,1250,1138,1580,1843,2181,1291,934,870,847,751,1262,1533,1588,1032,464,292,175,594,1000,1288,307,215,185,112,58,342,710,149,208,20,66,84,270,274,300,30,41,32,20,122,191,148,188,78,67,20,21,40,145,189,131,8,38,16,11,36,55,85,93,25,22,16,4,0,4,8,9,7,0,0,0,0,0,0,0,0,0,0,0,6,0,0,0,0,4,0,5,0,0,0,0,0,0,0,0,0,4,0,0,0,0,0,0,0,0,0,0,0,0,0,0,0,0,0,0,0,0,0,0,0,0,0,0,0,0,0,0,0,0,0,0,0,0,0,5,7,0,18,28,65,50,24,4,1,0,8,4,2,14,34,15,0,4,19,30,36,110,92,133,129,32,38,16,15,7,51,49,58,28,0,0,0,0,0,0,23,11,2,0,0,6,8,49,65,172,29,7,34,19,11,0,43,60,13,17,28,1,12,0,48,31,17,38,0,0,6,37,59,43,5,6,0,8
0,13,92,26,5,22,13,7,24,30,39,27,29,20,22,11,4,12,11,6,14,0,3,80,185,248,176,117,88,83,60,149,294,139,70,95,46,66,135,179,179,144,74,2,30,14,66,63,134,92,102,15,20,38,35,83,135,102,56,63,74,77,62,101,105,71,33,24,63,39,103,153,185,113,121,43,96,153,329,207,162,102,72,162,234,233,280,183,96,124,107,178,272,323,168,109,54,95,94,155,173,333,221,191,160,232,131,218,261,303,263,238,264,227,208,322,335,344,251,256,256,236,249,384,367,444,428,390,325,389,394,332,397,549,565,496,504,433,475,367,411,538,597,704,814,799,604,596,722,628,680,641,618,838,804,876,979,805,807,821,804,691,737,847,847,1023,1160,1278,1259,1417,1195,1035,1139,1092,934,923,946,1153,1283,1415,1264,1544,1257,1195,1099,1186,1227,1087,1051,1098,1047,1258,1259,1405,1440,1445,1187,1135,1169,971,1179,1155,1122,1188,1138,1096,1245,1460,1544,1560,1279,1372,1199,997,1227,1109,917,1043,1391,1444,1816,1852,1137,1043,1044,1442,762,701,609,924,865,1662,2065,1747,1141,1077,669,638,508,469,531,853,1343,1496,1381,856,724,565,502,734,437,630,1512,1713,1285,886,623,528,469,337,645,936,920,1089,536,487,304,169,156,415,553,681,782,346,470,525,433,386,508,692,993,646,585,617,571,547,696,1180
994,1046,509,619,718,668,999,1125,1109,845,680,795,927,1288,1206,1096,775,712,787,822,1291,1014,960,905,902,1174,1407,1365,863,682,711,988,1382,975,747,703,801,1729,1788,1301,802,898,1136,1506,1921,1089,968,908,1670,2001,1292,1091,1182,1515,2262,1297,1256,904,1529,2253,1481,1312,985,1409,2295,2096,1148,1113,1811,2442,1738,1327,907,1716,2135,1572,1432,1061,1290,2492,1336,1187,1086,2180,2679,1590,841,1188,1192,2020,1600,690,718,1480,1891,1230,987,1332,1552,1684,1263,739,969,1768,2365,1281,958,1152,1298,1385,1294,795,988,1507,1932,1470,1056,993,1462,2531,1297,995,1358,1385,1810,1136,730,752,926,1689,761,690,694,1400,2008,1338,699,747,1151,1314,665,411,466,874,890,708,619,615,763,733,542,497,496,748,798,537,551,452,943,885,680,519,537,732,865,596,533,399,706,847,609,506,421,863,958,948,705,606,797,883,823,448,476,780,967,994,641,642,648,736,934,668,710,659,873,953,547,569,620,935,1124,684,710,763,1025,1231,782,706,780,938,1142,710,757,740,904,1149,871,702,633,1061,1343,798,690,592,993,1495,1122,1093,913,1501,2408,1550,1091,1139,2275,2755,1834,1583,1313,1727,2824,1857,1769,2154,2633,2815,2649,2207,1987,2817,3183,2788,2132,1837,3238,3875,4199,1904,2166,2458,2667,2642,1881,1737,1825,2554,2927,1716,1450,1378,2650,2545,1169,1531,1250,2053,2829,1840,1098,730,2276,1927,1734,1147,983,1824,1790,1619
977,992,1044,1310,1548,864,509,704,1311,1352,1309,663,267,430,735,1115,388,290,166,395,675,522,218,115,194,361,358,433,186,249,215,211,272,306,146,95,104,160,310,456,231,74,106,182,490,190,76,14,53,150,461,507,256,156,140,459,331,803,328,99,137,286,629,474,369,75,155,85,129,217,348,146,111,87,304,278,657,671,138,101,77,396,463,443,165,90,36,107,256,383,391,196,175,79,97,211,397,396,169,115,88,145,213,189,81,22,37,74,341,187,16,4,22,120,158,13,0,0,80,29,9,0,0,0,1,21,11,5,0,0,0,0,0,0,0,0,0,0,0,0,0,0,0,0,10,1,0,0,0,0,0,0,0,0,0,0,0,0,0,0,0,0,0,0,0,0,0,0,0,0,0,0,0,0,0,0,0,0,0,0,0,0,0,0,0,0,0,0,0,0,0,0,0,0,0,0,0,0,0,0,0,0,0,0,0,0,0,0,0,0,0,13,8,0,0,0,0,0,8,28,14,0,2,14,14,70,0,8,18,55,77,68,21,21,6,90,76,94,50,40,29,73,172,184,119,43,20,23,78,111,31,43,46,103,175,111,78,53,176,386,170,208,99,267,687,467,292,242,255,500,551,365,270,181,428,508,325,212,162,297,446,304,157,92,317,540,165,215
221,280,425,253,153,81,281,385,146,122,129,363,426,239,166,306,735,730,561,337,405,845,699,494,190,217,558,645,315,103,92,199,443,301,133,208,374,620,569,237,215,295,623,524,126,110,247,358,566,118,60,215,337,358,173,136,103,407,429,156,20,5,89,124,73,21,75,131,129,206,17,64,68,126,240,106,11,3,162,198,143,51,22,43,101,38,58,34,1,84,43,135,49,38,1,0,28,102,2,0,45,26,42,12,0,30,83,75,0,0,0,0,0,0,0,0,24,36,1,6,0,60,23,0,0,0,3,46,47,0,0,12,23,4,0,16,49,110,93,35,36,0,28,18,8,0,1,17,100,42,43,33,49,24,46,120,60,37,100,20,71,104,215,118,103,83,145,177,206,143,123,71,25,20,91,104,67,16,32,14,61,72,68,47,0,18,28,58,79,104,29,27,20,34,42,62,109,54,47,15,30,61,113,137,110,59,43,28,36,50,94,151,95,46,55,17,45,106,136,141,10,0,7,21,53,79,52,49,69,74,27,34,63,128,83,9,9,4,96,149,158,159,7,32,31,110,216,74,98,69,64,88,195,306,219,167,75,41,79,122,130,49,40,79,14,32,38,82,64,12,0,0,0,13,108,178,31,91,49,67,7,138,180,128,141,58,26,50
71,186,178,161,52,78,103,152,228,138,124,74,125,310,446,169,208,210,107,309,401,654,377,314,320,397,462,728,582,505,333,341,370,469,560,549,294,537,346,318,316,657,574,336,291,303,397,490,606,368,211,144,111,104,192,357,247,62,77,33,56,182,308,312,162,10,7,39,164,124,203,95,31,25,91,277,460,525,249,250,157,107,211,281,393,198,149,72,48,54,56,175,66,20,29,26,27,128,66,153,43,73,46,40,43,200,148,111,60,12,19,52,42,217,317,36,40,3,0,5,35,12,11,19,0,0,0,0,0,71,9,0,0,7,10,0,34,74,12,24,8,0,16,29,81,41,49,35,15,12,9,33,13,37,7,0,4,5,0,4,20,96,85,2,2,18,2,1,40,37,81,22,0,5,0,0,0,10,33,57,56,25,0,0,0,0,14,6,22,6,0,1,0,0,5,0,4,38,26,6,8,7,6,12,0,0,42,15,1,0,0,0,6,2,22,22,24,8,0,0,0,0,32,37,57,21,16,0,7,0,6,83,134,116,61,24,29,22,31,29,40,94,113,129,52,90,135,70,84,76,199,245,336,246,172,124,133,183,195,274,528,575,504,360,269,198,202,167,300,447,531,427,406,340,344,275,279,406,566,818,593,489,412,413,324,560,607,1004
1011,755,739,528,509,453,755,1135,1467,1266,1009,915,873,1002,1008,1700,1679,1363,1065,748,873,969,1549,1333,1571,730,899,873,704,969,1604,1569,981,733,625,635,798,1258,1577,1143,660,549,582,554,614,992,1071,850,746,659,676,633,1073,1141,1292,982,785,638,538,972,1446,980,805,558,527,678,974,997,522,374,402,232,576,808,957,556,520,396,525,750,853,651,350,354,238,173,400,684,622,348,354,261,258,239,449,332,267,122,43,34,75,174,314,192,104,75,85,140,166,439,161,93,75,49,173,268,288,228,85,168,156,121,152,195,310,545,441,285,162,202,147,146,140,80,132,98,93,97,162,212,173,239,222,253,246,205,232,200,150,140,137,100,119,78,28,18,4,0,33,0,0,0,0,9,0,8,6,4,0,9,0,2,7,4,9,0,0,5,0,10,0,4,13,6,0,0,3,59,164,199,242,221,280,324,388,410,374,503,516,507,575,674,660,668,670,672,715,641,774,700,841,810,771,799,670,815,870,959,744,977,1065,955,1168,1386,1591,1377,1477,1446,1439,1569,1600,1696,1778,2028,1901,1984,2211,2424,2550,2595,2334,2403,2448,2509,2118,2705,2629,2527,2811,2689,3153,3420,3160,3735,3794,3821,3742,4046,4103,3705,4273,4403,4795,4407,4894,4790,4312,4255,4237,4330,4442,4054,4238,4269,3956,3810,3768,3411,3365,3896,3827,3796,3397,3977,3023,3293,3403,3301
4112,3318,3259,3196,3407,3076,3537,3223,3579,3398,3396,3070,3387,3271,3419,3203,3043,3836,3830,2985,2575,2662,2924,2748,2654,2866,3128,3034,3037,3388,3654,3005,2869,2854,2328,1928,1812,1602,1479,1648,1201,1386,1345,1365,1117,1255,1542,980,1060,1258,1249,1499,1520,1119,1284,1569,1637,2025,1818,2401,2065,1240,1028,830,668,481,445,416,422,412,575,479,691,667,730,550,615,508,857,953,806,889,641,480,309,363,357,436,407,475,550,495,602,563,495,582,639,898,766,715,626,408,457,519,569,426,551,535,649,720,944,1059,1019,714,426,510,347,359,394,576,506,778,592,881,884,649,459,440,423,531,414,463,456,556,791,790,632,718,473,415,326,399,469,461,511,523,939,751,621,365,371,334,390,357,449,394,476,541,662,525,553,347,329,356,319,334,335,367,369,563,494,433,321,222,227,205,242,293,349,355,442,429,467,385,272,265,279,198,216,258,397,607,415,270,177,125,187,146,153,166,256,345,309,247,105,28,51,35,37,101,98,102,177,114,24,12,0,2,0,0,5,17,22,25,47,77,35,135,92,64,134,158,87,11,31,41,109,73,84,131,99,188,124,114,75,107,94,73,124,119,86,27,45,72,24,56,59,304,159,193,132,142,299,267,74,23,43,127,42,25,27,63,5,5,15,67,36,75,14,20,21,19,43,14,27,17,23,74
14,17,4,8,4,0,0,114,73,98,66,24,10,28,9,15,67,41,31,20,5,25,59,126,84,32,38,1,9,27,19,112,10,4,7,9,31,15,8,0,0,8,7,31,37,16,0,0,8,19,47,0,8,2,5,17,43,0,0,7,4,11,19,0,8,0,11,20,0,0,0,5,0,0,16,0,12,0,0,0,12,0,0,0,0,0,12,0,0,0,0,4,10,4,5,13,0,1,0,0,0,0,0,0,0,0,0,0,0,0,0,0,0,0,0,0,0,0,5,0,0,0,0,0,0,0,0,0,0,0,0,0,0,0,0,0,0,0,0,0,0,0,19,6,12,0,0,0,0,0,0,0,0,0,0,0,0,5,10,0,0,0,0,0,0,0,0,0,0,0,0,0,0,0,0,0,0,0,0,0,4,0,0,0,0,0,0,0,0,0,0,0,0,0,0,0,0,0,0,0,0,7,6,0,0,0,0,0,0,0,8,0,0,0,0,0,0,0,0,0,0,0,0,4,0,0,0,10,5,11,4,13,20,8,21,44,39,18,55,39,44,53,18,18,0,0,27,23,10,3,1,27,1,0,0,21,0,0,1,0,0,0,0,8,0,0,0,3,0,0,0,0,4,36,6,0,0,36,40,44,66,54,58,17,10,4,20,36
18,10,9,0,0,0,4,0,0,0,12,14,9,11,12,25,0,0,19,17,26,37,29,26,24,18,8,15,5,42,39,58,19,16,8,0,30,15,26,18,20,18,16,8,0,0,20,10,14,20,30,39,34,0,4,21,11,0,0,0,0,0,18,8,0,4,0,0,24,21,9,1,0,0,6,18,37,14,34,10,20,14,9,8,0,0,0,11,32,20,7,18,0,4,31,25,23,35,28,0,0,0,0,0,0,0,0,0,0,0,0,0,0,0,0,0,0,0,0,0,0,0,0,0,0,0,0,0,0,0,0,0,0,0,0,0,0,0,0,0,0,0,0,0,0,0,0,0,0,0,0,0,0,0,0,0,0,0,0,0,0,0,0,0,0,0,0,0,0,0,0,0,0,0,0,0,0,0,0,0,8,4,0,5,4,5,4,0,0,8,0,0,0,0,0,0,4,0,0,0,0,0,8,0,0,0,0,0,0,0,0,0,0,0,0,0,0,0,0,0,1,15,18,12,9,0,0,7,14,8,20,30,17,18,41,49,12,20,43,41,20,17,9,81,61,52,63,62,25,22,61,34,22,28,58,56,48,22,40,38,120,39,34,17,30,20,65,60,37,23,20,28,14,12,4,28,49,68,28,26,31,32,50,59,86,85,156,147
205,179,172,170,179,243,208,123,218,222,258,240,268,267,330,343,258,265,261,282,383,303,348,228,251,220,309,326,402,364,464,274,356,271,293,211,152,231,200,218,202,209,249,304,279,348,570,516,326,326,244,291,320,218,303,287,288,444,605,517,515,469,388,346,301,285,222,250,369,527,476,727,610,446,375,404,340,373,370,483,650,618,711,841,546,629,554,637,507,562,629,689,833,1046,905,949,696,642,657,712,829,1187,1251,1341,1276,1468,1187,1121,1238,1185,1515,1709,2076,2020,1772,1744,1617,1659,1509,1516,1639,1715,1971,2169,2054,2015,1826,1966,1832,1928,1981,1959,2206,2353,2696,2741,2962,3131,3018,2846,2861,2743,2699,2462,2691,2663,2697,2851,2930,2920,2976,3085,3053,3275,3625,3585,3809,3977,3762,3676,3353,3334,3004,3295,3109,3103,2847,2621,2763,2767,2823,2706,2339,2491,2535,2515,2135,2328,2178,2114,2050,1944,1934,1898,1903,1726,1804,1667,1640,1549,1747,1375,1339,1427,1267,1269,1388,1158,1315,1116,1103,1156,1186,1108,915,704,628,605,868,521,417,270,223,145,97,87,69,64,82,51,75,98,185,113,100,256,329,496,426,297,298,318,298,369,420,269,225,89,447,429,457,565,266,249,307,139,251,107,162,308,224,306,143,58,48,28,50,2,52,127,178,23,29,9,23,70,116,60,108,65,34,15,35,101,181,219,116,119,127,76,111,190,18,31,34,61,53,202
56,26,5,0,16,81,4,33,23,16,8,9,6,9,34,17,18,10,0,4,16,77,67,29,0,0,8,8,34,24,0,0,0,2,14,29,41,36,0,0,149,209,107,90,12,17,8,8,46,5,11,30,11,24,0,0,15,25,36,65,22,5,0,20,12,0,0,23,16,34,13,5,0,16,28,13,5,2,18,37,55,38,3,0,0,0,14,0,0,0,0,0,0,0,0,0,0,8,3,0,0,0,0,0,0,0,0,0,0,0,0,0,0,0,0,0,0,0,0,0,0,0,0,0,0,0,0,0,0,0,0,0,0,0,0,0,0,0,0,0,0,0,0,0,0,0,0,0,0,0,0,0,0,0,0,0,0,0,0,0,0,0,0,0,0,0,0,0,0,0,0,0,0,12,0,0,0,4,0,0,0,0,0,0,0,0,0,0,0,0,0,0,0,0,0,0,0,0,0,0,11,0,0,0,0,0,0,0,0,0,0,0,0,0,0,0,0,8,8,9,27,30,6,0,0,5,6,0,14,0,29,41,130,103,153,134,156,96,78,68,74,90,70,65,75,48,72,89,77,29,69,34,6,14,14,23,57,44,71,32,123,92,73,126,50,137,114,92,155,119,135,134,111,169,202,196,244,269,328,538,561,459,547,538,597,577,777,627
779,762,762,712,848,874,1016,1033,939,1006,914,931,1121,999,1067,1028,888,827,862,855,728,863,849,870,1150,969,1198,1198,1191,1526,1445,1304,1568,1591,1503,1481,1602,1491,1379,1346,1391,1425,1292,1571,1389,1187,1368,1148,1146,1187,1129,1231,1239,1227,1322,1526,1310,1040,1195,1142,1419,1176,1338,1211,1585,1358,1486,1246,937,797,1067,1159,751,697,505,430,396,401,513,380,278,433,280,416,334,425,295,403,351,412,273,282,189,126,68,40,70,19,51,97,127,99,80,103,83,171,125,172,72,30,37,104,12,38,2,4,14,20,113,40,0,4,0,30,56,36,30,38,97,68,48,53,76,34,41,25,4,4,4,68,111,69,113,59,57,64,91,28,86,86,148,190,197,133,128,121,158,187,201,192,282,281,345,367,356,261,319,402,397,410,433,447,385,474,481,477,436,524,496,539,630,572,606,632,616,714,595,637,561,630,654,601,541,529,549,652,474,466,464,386,282,211,224,212,334,292,155,60,43,19,31,47,38,53,59,45,59,0,11,10,29,22,36,39,58,105,69,92,101,112,95,202,209,323,183,157,108,74,112,266,239,281,539,674,445,393,261,347,372,475,515,629,732,730,595,463,644,450,573,743,921,1038,1437,1386,892,836,856,926,1143,1021,1301,1533,1633,1548,1404,1306,1300,1201,1149,1408,1589,1562,1730,1848,2406,2135,2488,2495
2540,2312,2450,2308,1975,2095,1999,1901,2079,2007,2062,2179,2457,2622,2804,2920,2910,2361,1954,1548,1401,1473,1617,1523,1833,2068,1890,2134,2576,2735,1442,1033,974,699,662,979,1107,1178,1088,858,926,861,1033,1666,1800,1205,1023,750,635,449,614,705,831,811,602,627,1000,1177,1125,1054,1200,1200,855,943,643,517,378,538,474,466,431,376,530,401,440,429,613,551,526,505,442,518,484,512,522,680,347,343,384,320,338,456,605,379,354,309,283,303,307,407,362,402,364,423,327,264,309,447,239,339,229,266,294,372,369,384,366,429,380,445,496,534,555,517,453,443,319,435,421,509,478,452,590,712,703,696,608,472,618,592,632,562,689,889,726,659,618,693,744,636,771,874,1060,825,749,615,561,585,659,679,676,822,744,393,411,515,425,612,560,763,684,456,458,422,403,623,448,648,511,284,237,354,293,281,450,658,604,507,345,373,455,611,539,741,843,451,278,250,400,421,638,740,394,191,107,138,241,344,369,410,198,219,91,113,180,413,349,188,157,133,234,259,326,506,344,325,313,452,535,956,1454,1045,721,906,848,1260,1586,1708,868,587,864,898,1031,1345,1464,884,462,467,703,637,639,1098,877,767,761,689,709,969,1178,1325,593,831,755,878,1483,2412,2053,1383,1186,1144,1376,1445,1540,1830,1395,692,945,810,1042,1066,1772,1441,1056,743,804,967,1545,1932
2270,1427,752,823,1012,1020,1361,1355,1566,1057,619,463,527,766,833,925,1117,732,500,567,722,819,1128,1126,1144,1270,1098,830,531,517,508,504,441,511,517,874,784,671,766,487,371,93,143,136,134,119,95,54,91,32,87,89,67,190,133,419,241,115,96,51,13,18,18,44,60,44,40,13,9,11,3,25,39,8,16,33,0,7,12,38,1,0,11,0,31,29,0,0,0,0,0,6,0,0,0,0,0,0,0,0,0,16,0,0,0,4,0,10,0,0,0,0,0,0,0,0,0,0,0,0,0,0,0,0,0,4,0,0,0,0,0,0,0,0,0,0,0,0,0,0,0,0,0,0,0,0,0,7,0,0,0,6,0,0,0,0,0,0,0,0,0,0,0,8,4,0,0,0,0,0,0,0,0,0,0,0,0,0,0,11,0,0,0,0,0,0,0,0,4,0,0,0,19,0,0,0,0,12,12,10,0,0,2,16,16,24,16,12,0,8,1,24,19,19,0,0,0,0,8,8,5,0,0,0,0,5,20,24,33,45,107,317,363,268,189,152,188,280,326,204,52,76,211,332,309,455,299,282,307,322,490,728,755,288,316,305,448,528,704,529,443,688,781,764,1099,918,682,842,735,861,1389,1289,967,1069,1212,1175,1449,1558,1217,1224,1309,1325,1481,1747,1626,1440,1509,1583
1893,2351,2326,1857,1989,2207,2474,2524,2903,2283,2567,2329,2742,2933,2703,2388,2154,2076,2600,3041,2698,2198,2181,2172,2412,2983,2122,1959,2151,1781,2048,2364,1578,1634,1622,1481,1888,2105,1144,1466,1309,1254,1945,1576,1128,908,1191,1718,2186,1156,1015,957,1389,1579,856,816,723,898,1321,1100,599,847,707,1111,1133,533,323,559,782,802,789,473,443,501,573,1071,322,377,376,675,819,941,391,478,508,641,898,558,233,241,319,346,1254,413,216,137,172,238,368,146,43,57,104,117,184,318,44,56,91,94,88,99,122,214,183,143,91,60,139,50,101,72,77,93,56,75,191,67,90,29,10,12,0,16,13,8,9,8,0,0,9,0,0,0,0,0,0,5,0,11,0,8,0,6,27,14,0,0,0,0,28,20,12,8,9,4,26,22,23,7,0,0,0,0,0,0,0,0,0,0,0,0,0,0,0,0,0,0,0,0,0,0,0,6,0,8,4,16,0,0,25,4,0,0,5,9,0,0,1,0,0,0,0,0,0,0,0,0,18,34,10,32,39,17,40,35,49,36,31,40,35,52,37,31,24,84,55,11,58,31,26,71,38,70,116,152,137,164,183,290,250,148,179,180,45,67,64,124,55,63,103,148,43,58,98,156,247,268,299,238,219,187,296,107,114,154,172,234,192,161,146,301,151,267,205,178,241,353
425,376,200,170,180,165,87,146,137,263,298,179,168,199,267,197,107,98,95,160,157,317,500,226,267,158,160,40,5,56,151,287,233,131,88,153,113,67,42,31,78,101,141,110,76,59,30,63,12,29,26,77,52,0,22,3,0,15,28,27,12,58,48,0,8,23,73,6,5,0,23,27,3,6,8,36,21,2,4,36,34,20,9,17,9,0,0,6,0,0,0,9,6,8,0,0,0,0,0,0,0,0,0,0,0,0,13,0,0,0,0,0,0,0,0,0,0,0,0,0,0,0,0,0,0,0,0,0,0,0,0,0,0,0,0,0,0,0,0,0,0,0,0,0,0,0,0,0,0,0,14,0,4,0,0,0,0,0,0,0,6,1,0,0,0,6,0,5,0,0,0,0,12,0,2,0,0,2,14,15,8,0,0,0,0,0,0,0,0,5,0,0,2,0,0,0,0,0,0,0,0,0,0,0,0,0,0,0,0,0,0,0,0,0,0,0,0,0,0,4,0,0,0,0,0,14,4,0,7,20,24,16,64,25,12,1,4,8,7,8,19,25,18,6,14,0,20,10,11,38,0,0,0,0,0,0,4,5,0,20,25,8,29,37,43,14,10,3,22,0,0,0,0,0,0,10,0,0,0,0,0,26,0,10,7,0,0,6
0,24,0,4,9,0,10,0,0,1,2,14,0,0,0,0,26,0,0,10,0,0,3,0,0,0,52,69,81,50,84,24,105,43,56,52,16,39,52,0,7,23,17,27,30,0,0,0,19,0,0,0,0,0,0,0,0,0,0,0,0,4,16,0,0,0,0,0,0,2,0,0,0,0,7,0,8,0,10,0,0,0,0,8,7,0,0,0,0,0,0,0,0,0,0,0,0,0,0,0,0,0,0,0,0,0,0,0,0,0,0,0,0,0,0,0,0,0,0,0,0,0,0,0,0,0,0,0,0,0,0,0,0,0,0,0,0,0,0,0,0,0,7,0,0,0,0,0,0,0,0,0,0,0,0,0,0,0,0,0,0,0,0,0,0,0,0,0,0,0,0,10,0,0,0,6,0,0,0,0,0,0,4,1,0,0,0,0,0,0,0,0,0,0,0,0,0,0,0,0,1,5,0,0,0,0,0,0,0,0,0,0,0,0,0,0,0,0,0,0,0,0,0,0,4,0,0,0,8,4,0,19,28,36,4,94,37,13,6,3,49,44,18,20,8,17,3,6,5,17,10,24,26,14,24,4,58,53,16,34,29,3,10,8,19,11,17,2,20,42,29,26,37,5,24,32,40,46,18,13,24,7,8,5,8,4,2,8
1,18,26,42,22,1,8,8,18,18,15,27,8,0,16,8,7,13,14,18,23,13,6,13,0,24,2,24,30,52,51,68,16,57,32,92,93,52,75,93,68,81,95,80,88,91,153,142,167,261,270,302,287,233,144,169,83,96,104,115,148,199,224,319,254,172,199,184,150,250,203,222,208,205,184,289,283,243,265,195,157,173,155,176,252,281,320,187,203,202,180,86,45,39,69,102,93,111,43,67,96,183,154,176,78,109,123,106,142,104,120,151,196,195,177,187,147,159,212,177,154,207,207,267,313,250,282,268,280,262,289,316,350,458,458,454,465,416,385,399,364,375,355,434,491,446,410,349,425,344,365,363,419,500,354,301,237,257,292,373,335,431,436,316,242,258,201,162,254,193,278,350,280,235,215,195,239,285,345,498,291,204,205,277,339,250,214,248,154,128,127,70,143,183,274,124,43,85,116,182,83,98,71,25,12,7,19,27,50,72,36,10,0,0,22,35,58,42,26,0,10,12,22,48,17,17,23,47,112,220,365,262,186,215,381,473,765,761,411,328,285,454,444,574,903,639,509,418,406,589,519,593,893,783,1154,1115,722,495,618,668,493,627,856,767,951,664,599,773,606,752,990,645,896,923,1002,726,890,1084,980,1120,1190,1556,1354,1782,1490,1230,1081,1069
1046,1108,1263,1198,1144,1124,834,771,714,820,635,486,536,576,442,573,548,688,703,775,712,705,651,635,786,645,673,546,664,637,546,431,387,386,355,184,198,225,153,123,163,81,82,115,169,96,136,130,164,249,425,516,539,510,227,375,275,320,136,27,57,156,248,244,380,192,204,93,99,104,129,47,87,152,263,307,312,122,96,120,135,90,95,152,134,188,159,120,100,42,27,51,24,29,31,30,18,4,33,27,18,15,14,25,59,99,111,89,16,0,12,3,8,17,39,11,7,27,0,0,5,3,9,0,0,0,0,0,0,6,0,0,0,0,0,0,0,0,0,0,0,0,0,0,0,0,0,9,0,0,4,0,0,0,0,0,0,0,0,0,0,0,0,0,0,0,0,2,0,11,12,7,8,0,0,3,13,8,4,17,29,0,0,0,2,0,0,0,0,2,1,8,12,0,12,4,0,0,1,3,0,2,0,0,0,11,0,0,0,0,1,9,13,7,10,15,16,10,14,16,2,12,8,53,64,29,36,20,52,89,147,484,464,158,242,179,325,421,260,326,244,96,139,114,209,345,435,488,380,376,413,327,444,339,524,716,514,482,488,504,457,691,724,569,348,464,348,467,493,564,749,548,245,419,511,593,781,842,625,392,530,774,672,716,943,1096,808,569
981,741,784,1012,896,657,793,705,842,728,1031,714,824,736,556,444,553,967,912,713,503,643,676,894,1023,583,263,542,471,624,664,608,395,223,256,194,465,874,654,361,455,810,613,985,840,289,175,195,372,675,447,193,186,192,411,763,360,225,249,315,531,440,67,74,56,193,673,182,36,44,55,341,235,105,30,91,293,173,57,23,56,185,51,69,116,179,530,135,128,224,335,132,104,141,412,615,496,516,697,692,602,467,702,630,641,579,594,506,621,680,879,699,667,661,1079,677,727,726,1057,618,704,695,914,689,771,924,754,724,814,1102,816,633,923,1032,759,840,877,1090,798,833,1034,944,695,824,1343,891,856,985,1203,636,872,1046,957,911,1060,1100,1259,880,1108,1349,1446,1104,1105,1372,1229,1016,1141,1312,1280,1083,1098,1283,1368,851,938,1175,1222,938,955,1200,1125,1011,1070,1158,967,956,1109,1307,1144,1137,1146,1510,1101,1093,1079,1246,1013,1161,1339,1233,1263,1091,1452,1227,636,1123,1345,756,848,966,1308,590,725,890,512,357,546,1160,319,229,590,542,462,482,901,341,260,766,1242,706,1288,2366,2408,2428,2607,3563,2156,2118,2608,2773,1992,2521,3829,2059,1824,2531,3850,2104,2674,2622,2526,2139,2318,2886,1824,2181,2132,2696,1996,1900,2517,2253,1855,2123,2969,2002,1972,2615,2926,2030,2016,2375,3274,2003,2699,2566,3422,2074,2347,2731,2833,2007,2635,2935,1603,1869,2245,2612
1463,1773,1871,2358,1344,1424,1971,1516,1223,1144,1767,1030,764,1045,2005,893,856,1374,1838,902,992,1255,1619,700,593,913,1203,554,436,615,1072,764,519,605,694,1360,293,256,385,628,579,185,255,323,772,232,223,420,632,481,128,215,159,548,46,64,116,178,237,127,100,153,292,68,61,60,138,197,82,95,73,168,188,78,97,79,169,216,133,57,78,139,95,171,185,89,60,56,76,119,84,19,27,66,118,155,188,61,18,32,18,6,13,60,39,13,0,8,8,28,98,15,3,11,12,11,58,83,14,9,27,32,17,0,0,34,35,0,13,28,1,15,24,4,24,17,7,8,3,24,0,0,16,0,8,0,0,0,0,0,0,13,0,0,0,0,0,0,0,0,0,4,0,0,0,0,0,0,0,0,0,0,0,0,0,0,0,0,0,0,0,0,0,0,0,0,0,0,0,8,0,0,0,0,26,0,0,0,0,0,0,0,1,8,4,4,0,1,8,0,0,0,8,14,0,0,0,12,17,10,3,0,0,4,12,4,30,18,4,23,11,38,96,46,41,31,229,33,33,69,166,102,17,33,38,78,67,0,0,0,51,3,6,57,110,117,6,5,19,16,66,21,0,37,38,15,52,0,2,4,32,4,51,0,0,18,0,6,16,0,3,31,5,0,4,0,1,6
11,14,27,6,0,4,8,0,35,7,2,10,14,8,25,8,27,8,16,9,0,7,20,25,0,19,8,14,11,0,3,3,31,24,4,14,21,50,43,53,10,0,0,17,0,9,5,0,8,36,26,16,0,0,0,31,20,8,5,0,0,0,0,19,21,10,5,0,23,12,11,0,0,0,0,0,2,6,0,0,3,8,12,5,6,8,0,9,7,0,0,0,0,0,8,0,0,4,0,4,8,8,6,0,7,4,8,10,0,6,9,13,6,0,0,0,0,0,0,0,0,0,0,1,16,0,0,0,0,0,48,0,0,0,0,0,0,0,0,0,0,0,0,0,0,0,0,0,0,0,4,0,4,0,0,0,0,0,0,6,0,0,0,0,4,0,0,0,0,0,0,0,0,0,0,0,0,0,0,0,0,8,2,12,0,0,2,32,6,18,39,14,13,52,280,289,1207,4027,4670,3981,5563,7370,6408,6587,7755,8011,7798,8973,10121,8992,9265,11034,9270,9597,10776,8483,9060,11138,8691,8705,10221,8541,8647,10115,7952,8555,9382,7907,8109,9514,7743,8181,8853,6964,7401,7970,5309,5263,6488,4650,4587,4931,6021,4505,4507,6082,3946,4332,4826,5342,4097,4188,4545,4770,3425,3268,4143,4569,2762,2684,2712,3442,4251,3383,2584,2174,2410,2260,2445,2904,2281,1390,972,1598,1755,1967,2358,2244,1790,808,543,261,363,396,285,452,733,1154
1447,1265,783,362,340,225,168,217,185,144,118,170,274,207,198,193,279,291,567,580,616,450,413,394,366,146,236,132,153,192,112,201,201,155,145,77,161,109,115,82,245,320,195,117,240,208,223,215,151,183,168,133,209,144,128,88,95,121,19,29,31,41,18,20,8,9,29,28,26,23,31,6,17,0,4,0,17,1,46,43,86,84,28,22,0,0,0,7,3,4,0,8,12,0,0,0,0,5,4,7,0,0,0,0,0,0,7,0,0,0,0,0,0,0,0,0,0,0,0,0,0,0,0,0,0,0,0,0,0,0,0,0,0,0,0,3,0,0,0,0,0,0,0,0,0,4,0,8,0,0,0,0,0,0,0,0,10,0,0,0,0,0,2,2,0,0,0,0,0,0,0,4,0,0,5,0,0,0,0,4,0,0,11,0,0,0,0,0,9,0,2,8,0,0,0,0,0,0,0,0,11,3,0,0,6,13,42,0,0,7,0,0,0,0,1,0,0,6,4,0,0,0,2,2,4,0,30,4,44,10,80,92,32,39,7,20,21,23,12,0,75,35,61,39,4,26,8,26,43,22,31,44,7,22,28,11,8,15,9,17,11,21,11,39,7,9,8,20,12,11,34,40,36,18,15,25,11,0,21,43,35,7,29,0,7,24,4,0
0,38,0,0,0,11,0,0,0,0,9,0,4,0,0,1,4,20,4,0,0,0,0,0,0,0,0,0,0,0,0,0,0,2,25,14,0,5,1,0,0,2,6,0,0,5,8,0,0,0,0,0,0,0,0,14,0,0,0,9,24,0,0,0,2,0,22,0,0,0,0,0,0,0,41,4,4,0,37,0,0,0,0,3,0,0,0,0,0,0,0,0,0,0,0,0,7,0,0,0,0,0,0,0,0,0,0,0,0,0,0,0,0,0,0,0,0,0,0,0,8,0,0,0,0,0,0,0,0,0,0,0,0,0,4,0,0,0,0,0,0,0,0,0,0,0,0,0,0,0,0,0,8,0,0,0,0,0,0,0,0,0,0,0,0,0,0,0,0,0,0,0,0,0,0,0,0,0,0,0,0,0,0,2,0,0,0,0,0,4,0,0,0,0,0,0,0,0,0,0,0,0,0,0,0,0,0,0,0,0,0,0,0,0,0,5,0,0,0,0,0,0,0,8,10,17,42,10,8,4,41,63,13,17,18,27,31,46,36,37,12,0,6,0,16,18,14,57,25,8,0,6,24,31,20,27,15,78,77,170,106,85,35,30,47,25,0,0,8,27,20,22,4,8,16,0,0,0,0,20,46,28,37,36,19,2,7,0
0,9,17,40,4,0,0,0,0,0,0,0,0,4,8,25,32,34,25,4,0,0,0,5,0,0,0,0,0,0,0,3,0,0,0,14,0,0,2,0,1,8,2,0,0,0,0,0,4,0,0,0,0,0,0,21,0,0,0,7,24,7,1,1,0,0,0,0,0,0,0,3,0,0,0,2,0,0,0,5,0,0,2,0,0,8,20,12,0,0,0,7,16,11,0,0,0,0,0,0,0,0,0,0,0,0,0,0,0,0,0,0,0,0,0,0,0,0,0,0,0,0,0,0,0,0,0,0,0,0,4,9,0,0,0,0,0,0,0,0,0,0,0,0,0,0,0,0,0,0,0,0,0,0,0,0,0,0,0,0,0,0,0,0,0,0,0,0,0,0,0,0,0,8,0,8,0,0,0,0,0,0,0,0,0,0,0,0,0,3,1,0,0,0,0,4,2,2,5,5,0,0,0,0,0,0,0,0,0,0,0,0,8,5,3,0,7,8,0,0,0,0,0,0,0,0,0,0,4,0,7,18,1,2,0,12,5,19,10,14,1,33,0,0,10,13,0,0,8,14,0,19,43,0,0,23,5,18,32,14,9,0,8,8,20,22,1,12,7,0,1,8,21,0,10,5,0,0,0,0,12,8,6,3,0,17,54,7
8,17,0,21,18,0,0,0,2,0,10,16,50,0,0,0,0,5,13,30,7,4,4,12,13,21,6,1,0,0,0,0,0,1,0,5,0,4,4,44,20,8,8,0,0,0,0,11,3,6,0,0,0,0,5,4,8,0,0,0,0,0,4,0,12,0,0,8,0,0,0,23,3,0,0,0,0,0,0,8,0,2,0,0,0,0,0,0,0,0,0,0,0,8,16,0,0,0,0,0,0,0,0,0,11,0,0,0,0,0,0,0,4,0,0,0,0,0,0,0,0,0,0,0,0,0,0,0,0,0,0,0,0,0,0,0,0,0,0,0,0,12,0,6,0,0,0,0,0,0,0,0,0,0,0,0,0,0,0,0,0,0,0,0,0,0,0,0,0,0,3,2,0,0,0,0,0,0,0,0,0,0,0,0,0,0,0,0,0,13,0,0,0,0,0,0,0,0,0,0,20,27,21,4,0,0,0,0,0,6,4,10,29,0,0,0,0,0,0,0,0,0,0,0,0,0,0,13,0,14,40,65,63,31,16,31,56,62,41,91,123,117,43,17,3,17,6,31,35,230,179,50,60,52,27,8,40,69,116,106,24,30,6,11,37,122,184,136,38,13,13,2,0,56,85,83,0,4,0,16,4,94,112,100,14,25,39,94
83,66,110,40,29,43,51,0,49,69,143,72,43,53,100,68,89,92,27,2,6,4,27,16,22,1,0,0,15,7,39,64,13,28,16,10,15,42,59,14,18,17,44,48,85,73,8,6,11,18,39,81,48,8,9,4,1,8,13,23,0,5,1,6,16,18,19,4,18,37,56,34,68,29,23,0,10,15,21,55,8,0,1,7,17,15,15,0,0,0,3,0,0,0,0,0,0,0,12,2,0,0,0,0,40,4,0,0,0,14,13,0,0,0,0,4,9,0,0,0,0,0,0,6,0,0,0,0,0,0,0,0,0,0,0,0,0,0,0,0,8,0,11,0,0,28,35,14,15,29,44,8,0,0,9,0,10,0,0,5,65,0,0,2,9,23,10,4,0,26,37,0,0,0,10,31,9,15,9,19,0,0,0,0,2,0,0,1,25,8,16,25,0,8,0,0,0,1,0,0,0,0,0,4,17,26,51,0,4,1,0,6,9,4,14,0,8,4,20,0,12,11,0,0,0,19,47,16,42,89,304,311,464,874,1617,1428,1406,1918,2036,2413,1625,2006,1873,3047,2042,2593,3017,4427,2864,3093,3333,4261,3269,3305,3972,4419,3940,3490,3595,4245,4217,3484,3861,4331,4791,3471,3824,4011,4389,3521,3719,4392,4049,2861,2849,3410,3887,2821,2790,2701,3365,1919,2064,2381,3809,2244,2060,2711
3890,1883,2218,2309,2928,1773,1787,2017,2920,1824,1838,2316,2448,1312,1535,2004,2051,1303,1479,2203,1402,792,1217,1788,769,548,912,2165,837,851,1226,1697,796,802,1525,1704,723,766,1619,843,548,605,1693,720,618,761,1364,317,545,657,712,363,405,684,381,392,415,935,375,429,784,466,296,268,698,170,164,272,299,110,91,326,141,308,279,597,192,158,320,283,238,164,421,138,86,108,156,120,100,119,63,30,99,53,4,20,58,12,8,6,2,8,11,38,7,7,18,4,0,1,0,0,0,8,0,0,0,0,8,0,0,0,0,0,0,0,0,0,0,0,0,0,0,0,0,0,0,0,4,0,0,0,0,0,0,0,0,0,0,0,0,0,1,0,0,0,0,0,0,0,0,0,0,0,0,0,0,0,0,0,0,0,0,0,0,0,0,0,0,0,0,0,0,0,0,16,0,0,0,0,0,0,0,0,0,0,0,0,0,0,6,0,0,0,0,0,0,0,0,11,0,0,0,7,0,0,0,0,4,7,0,0,0,0,0,25,0,12,0,12,8,33,11,12,39,46,16,25,84,33,16,21,22,13,23,6,8,4,5,0,15,0,3,0,8,0,0,0,0,13,0,0,0,0,32,0,0,21,0,0,0,0,17,0,10,0,0,0,0,0,0,0,7,0,0,0,0,0
0,0,0,0,0,0,0,0,0,0,0,0,0,0,0,0,0,0,0,0,0,0,0,0,0,0,0,0,0,0,0,0,0,3,0,0,0,0,0,0,10,0,0,0,41,0,0,0,0,8,0,17,0,0,0,2,19,0,0,0,0,4,8,0,0,9,0,0,0,0,0,0,1,11,18,10,10,0,0,0,0,4,0,0,0,0,0,0,0,0,0,0,0,0,0,0,0,0,0,0,0,0,0,0,0,0,0,0,0,0,0,0,0,0,0,0,0,0,0,0,0,0,0,0,0,0,0,0,0,0,0,0,0,0,0,0,0,0,0,0,0,0,0,5,6,0,0,0,0,0,0,0,0,0,0,0,0,0,0,0,0,0,0,0,0,0,0,0,0,0,0,0,0,0,0,0,0,0,0,0,0,0,0,0,0,0,0,0,0,0,5,9,28,34,12,9,10,0,7,0,0,0,6,0,8,0,0,0,2,0,0,0,0,0,0,13,8,0,0,0,0,26,26,12,13,5,0,3,0,7,0,10,18,24,0,0,0,3,2,0,22,0,39,94,62,29,6,4,0,7,5,7,8,34,30,57,28,37,42,27,3,0,0,0,7,4,0,0,0,0,2,0,0,0,0,0,0,0,13,0,0,0,0,15,34,34,25,0
0,19,0,5,0,15,11,10,36,23,4,26,12,8,25,0,0,0,0,0,1,0,2,8,16,17,3,2,0,0,0,6,0,0,1,13,4,9,0,0,0,1,20,17,8,4,0,0,0,0,0,0,0,0,0,0,0,0,0,0,20,4,0,0,0,7,0,0,0,4,1,0,0,0,0,0,0,0,3,0,0,0,0,0,0,0,0,0,0,0,0,0,0,0,0,0,0,0,0,0,0,0,0,0,0,0,0,0,0,0,0,0,0,0,0,0,0,0,0,0,0,0,0,0,0,0,0,0,0,0,0,0,0,0,0,0,0,0,0,0,0,0,0,0,0,0,0,0,0,0,0,0,0,0,0,0,0,0,0,0,0,0,0,0,0,0,0,0,0,0,0,0,0,0,0,0,0,0,0,0,0,0,0,0,0,0,0,0,0,0,0,0,0,0,0,0,0,0,0,0,0,0,9,0,0,0,0,0,4,2,4,0,0,0,0,0,0,0,0,0,0,0,0,10,3,0,1,3,0,16,11,8,0,0,1,4,23,18,0,9,13,8,4,17,12,7,0,3,4,12,10,6,19,0,1,16,6,46,78,53,21,0,0,0,2,5,5,0,6,0,36,4,11,12,0,19,21,4,0,0,11,2,0,2,4,2,0,0
19,4,0,17,0,4,17,18,1,0,18,53,17,12,13,34,33,17,36,22,28,8,12,0,0,4,4,4,8,12,30,21,23,28,7,0,5,5,1,8,4,4,8,7,0,0,0,0,5,17,18,12,0,0,0,16,33,16,2,0,0,0,0,0,0,3,0,0,0,0,0,0,0,7,0,0,0,0,0,0,0,8,4,0,0,0,0,0,0,10,0,8,0,0,0,0,0,0,0,0,0,2,0,11,0,0,0,0,0,0,0,0,0,0,0,0,0,0,0,0,0,0,0,0,0,0,0,0,0,0,0,0,0,0,0,0,0,0,0,0,0,0,0,0,0,0,0,0,0,0,0,0,0,0,0,0,0,0,0,0,0,0,0,0,0,0,0,0,0,0,0,0,0,0,0,0,0,0,0,0,0,0,0,0,0,0,0,0,0,0,0,0,0,0,0,0,0,0,0,0,0,0,0,0,0,0,0,0,0,0,0,0,4,0,0,4,7,8,0,17,0,0,0,0,0,7,8,4,6,20,32,45,22,28,92,208,235,313,194,169,179,205,221,361,92,160,142,280,324,360,173,199,262,285,305,355,212,241,232,344,455,364,182,238,171,103,155,151,153,173,98,104,196,80,91,109,146,160,137,45,61,72,151,205,160,58,65,154
167,122,98,47,81,126,212,216,90,57,37,77,107,6,0,3,0,8,42,1,25,50,30,84,12,3,10,23,14,3,7,1,17,41,14,3,0,16,0,39,0,6,30,33,23,66,0,4,8,8,18,0,12,0,0,7,6,13,4,22,11,8,0,0,4,27,43,29,90,68,57,0,21,59,65,29,0,14,75,30,57,11,30,30,66,33,0,0,0,0,0,0,0,0,0,0,0,0,0,0,0,0,0,0,0,0,0,0,0,0,0,0,0,0,0,0,0,0,0,0,0,0,0,0,0,0,0,0,0,0,0,0,0,0,0,0,0,0,0,0,0,0,0,0,0,0,0,0,0,7,0,0,0,0,0,0,0,0,0,0,0,0,0,0,0,0,15,0,0,0,0,0,0,0,8,0,0,0,0,0,0,8,0,0,0,0,0,0,0,0,0,0,0,0,9,7,6,0,2,5,4,7,3,0,0,24,0,0,9,14,5,54,120,38,37,56,44,10,20,150,6,58,72,41,5,2,105,34,32,65,224,139,510,815,1057,649,1304,2295,1245,1539,1834,2549,1462,1646,2077,1540,1391,1697,2300,1644,1889,2371,1528,1681,2220,2030,1560,2258,2740,1593,1984,2453,1995,2481,2516,3047,2538,2928,3862,2543,2665,3632,2620,2940,3420,3223,0,0,0,0,0,0,0,0,0,0,0,0
3052,3208,3767,2809,3076,3933,2838,3074,4452,2576,3514,4322,3044,3604,4601,3029,3651,4207,3079,3346,4413,2861,3720,4489,2831,2885,3993,2567,2554,3300,2472,2891,3900,2466,2690,3904,2428,2697,3810,2342,2448,3531,1793,2214,3504,1921,2540,3481,1531,2280,3153,1851,2140,2787,1203,1403,1104,1008,1431,1122,705,1708,779,735,1426,530,702,1431,711,648,1316,467,764,1634,656,445,1234,328,521,807,503,655,595,403,935,596,620,979,567,368,1224,506,881,997,443,498,419,423,206,217,172,186,343,296,350,379,308,354,268,217,285,271,293,276,263,302,487,251,263,398,267,355,427,236,270,467,253,201,272,185,266,257,189,228,186,56,127,142,93,214,111,127,104,67,61,151,89,79,148,66,92,178,61,128,183,93,61,80,24,17,4,6,24,0,0,21,2,8,33,21,29,54,19,28,52,20,35,170,187,177,187,170,197,247,205,225,281,192,173,246,208,211,330,175,161,199,141,123,161,152,202,188,92,91,70,11,35,24,0,0,4,0,0,11,13,19,29,19,11,11,10,11,8,23,8,18,11,2,10,1,2,14,54,0,8,21,13,0,0,53,21,70,79,22,135,570,206,471,693,330,280,390,263,209,362,321,377,525,724,494,781,640,410,425,880,265,521,741,399,457,879,611,551,774,622,603,825,676,448,534,904,282,384,482,248,228,437,270
178,232,349,249,224,387,98,113,180,33,63,124,116,43,121,472,161,125,449,127,165,180,129,86,88,99,69,45,86,17,29,38,12,4,31,46,78,55,44,1,13,92,8,21,72,3,8,83,16,35,107,36,39,48,78,3,17,86,0,12,69,68,17,28,16,42,19,56,0,26,67,21,4,12,2,0,25,21,12,30,21,2,8,42,0,3,0,0,0,14,46,0,0,24,0,0,0,0,0,0,0,0,0,0,0,0,6,0,9,0,0,0,0,0,14,0,0,0,0,0,0,0,19,2,0,0,0,0,1,0,0,0,0,0,0,0,0,0,0,0,0,0,0,0,0,0,0,0,0,0,0,0,0,0,0,0,0,0,0,0,0,0,0,0,0,0,0,0,0,0,0,0,0,6,0,0,0,0,0,0,0,0,0,0,0,0,0,0,0,0,0,0,0,0,0,0,0,0,0,0,0,0,0,0,0,0,0,0,0,0,0,0,0,0,0,0,0,0,0,0,0,0,0,0,0,0,0,0,0,0,0,0,0,0,0,0,0,0,0,0,4,5,0,0,0,2,49,86,15,58,48,1,5,20,0,6,6,0,11,27,4,0,0,33,0,28,36,13,17,24,16,24,12,22,0,13,42,0,0,10,6,0,6,10,0,4,0,0
0,14,0,0,0,0,12,4,4,0,0,0,2,8,17,12,0,11,8,13,22,75,16,2,0,4,0,25,12,0,0,0,0,0,0,0,0,0,4,0,15,16,4,0,4,0,0,12,0,8,0,0,0,0,2,0,0,0,0,0,0,0,0,14,0,0,0,0,0,0,0,0,0,0,4,0,6,0,0,0,0,0,0,0,0,0,0,0,0,0,0,0,0,0,0,0,0,0,0,0,0,0,0,0,0,0,0,0,0,0,0,0,0,0,0,0,0,0,0,0,0,0,0,0,0,0,0,0,0,0,0,0,0,0,0,0,0,0,0,0,0,0,0,0,0,0,0,0,0,0,0,0,0,0,0,0,0,0,0,0,0,0,0,0,0,0,0,0,0,0,0,0,0,0,0,0,0,0,0,0,0,0,0,0,0,0,0,0,0,0,0,0,0,0,0,0,0,0,4,8,0,0,0,0,0,0,0,2,0,4,15,0,22,10,11,13,43,11,0,0,8,15,19,9,24,6,14,44,31,0,9,54,68,114,64,42,57,26,57,18,35,110,52,42,108,51,58,125,20,35,203,42,20,0,0,45,107,35,110,265,66,168,139,40,67,75,58,42,23,3,51,68,68,52,45,12,40,0,8,50,0,12,18,2,0,0,4,0
0,0,0,0,0,0,0,27,0,0,3,8,0,14,0,0,0,0,0,0,0,18,8,0,0,5,0,0,0,0,0,4,4,0,0,0,0,4,0,0,0,0,0,0,0,0,0,0,0,6,8,2,11,10,6,9,0,0,0,0,13,0,0,0,0,0,7,0,0,2,3,0,8,0,6,14,8,6,29,4,0,0,0,0,24,8,56,11,0,8,8,4,0,0,0,0,0,0,0,0,0,0,0,0,0,0,0,0,0,0,0,0,0,0,0,0,0,0,0,0,0,0,0,0,0,0,0,0,0,0,0,0,0,0,0,0,0,0,0,0,0,0,0,0,0,0,0,0,0,0,0,0,0,0,0,0,0,0,0,0,0,0,0,0,0,0,0,0,0,0,0,0,0,0,0,0,0,0,0,0,0,0,0,0,0,0,0,0,0,0,0,0,0,0,0,0,0,0,0,0,0,6,0,0,0,0,0,0,0,0,0,0,0,0,0,0,0,0,0,0,0,0,0,0,0,0,0,0,0,0,0,0,0,0,0,0,0,0,0,0,0,0,0,0,0,1,20,5,39,16,9,8,21,37,12,17,10,0,12,22,4,2,0,4,4,11,4,0,0,8,0,0,0,0,0,0,0,0,0,0,0,0,0,0,0,0,0,4
0,0,0,0,13,0,0,0,0,0,13,12,4,0,0,0,0,0,0,4,0,0,0,11,0,0,0,0,0,0,1,0,0,0,0,16,0,3,8,0,0,0,0,0,0,0,2,0,0,0,0,0,0,0,0,0,0,0,0,0,2,4,0,0,0,0,0,0,0,0,0,0,0,0,0,0,0,0,0,0,0,0,0,0,0,0,0,0,0,0,0,0,0,0,0,0,0,0,0,0,0,0,0,0,0,0,0,0,0,0,0,0,0,0,0,0,0,0,0,0,0,0,0,0,0,0,0,0,0,0,0,0,0,0,0,0,0,0,0,0,0,0,0,0,0,0,0,0,0,0,0,0,0,0,0,0,0,0,0,0,0,0,0,0,0,0,0,0,0,0,0,0,0,0,0,0,0,0,0,0,0,0,0,0,0,0,0,0,0,0,0,0,0,0,0,0,0,0,0,0,0,0,0,0,0,0,0,0,0,0,0,0,0,0,0,0,0,0,0,0,0,0,0,0,0,0,0,4,0,23,12,29,0,0,31,25,10,16,20,20,36,74,71,140,36,45,52,71,29,33,192,38,62,111,60,12,0,0,16,0,0,4,0,0,0,0,0,0,9,0,0,0,0,0,0,0,0,0,4,0,0,0,2,4,5,0,6,2
0,14,0,0,0,4,0,32,0,0,19,0,2,0,0,0,0,0,0,0,0,16,0,5,0,0,0,3,10,5,9,0,6,22,1,0,8,1,0,0,30,3,3,0,43,25,4,17,0,0,0,0,0,0,0,0,0,0,0,0,0,0,0,0,0,0,0,0,0,0,0,0,0,0,0,0,5,4,0,5,0,0,0,0,0,0,0,0,0,0,0,0,0,0,0,0,0,0,0,0,0,0,0,0,0,0,0,0,0,0,0,0,0,0,0,0,0,0,0,0,0,0,0,0,0,0,0,0,0,0,0,0,0,0,0,0,0,0,0,0,0,0,0,0,0,0,0,0,0,0,0,0,0,0,0,0,0,0,0,0,0,0,0,0,0,0,0,0,0,0,0,0,0,0,0,0,0,0,0,0,0,0,0,0,0,0,0,0,0,0,0,0,0,0,0,0,0,0,0,0,0,0,0,0,0,0,0,0,0,0,0,0,0,0,0,0,0,0,0,0,0,0,0,0,0,0,0,0,0,0,0,0,8,0,0,0,9,0,0,12,0,0,12,0,21,71,83,27,126,109,152,161,55,122,84,88,165,74,232,294,127,78,218,99,242,366,112,150,314,93,130,275,69,89,25,31,46,47,88,52,41,73,57,75,46,115,53,62
54,26,44,59,23,77,68,21,0,21,2,37,108,46,26,77,8,11,54,16,0,12,26,66,73,40,34,148,29,8,77,11,0,38,23,1,32,0,0,0,0,0,0,0,0,0,0,0,8,0,3,0,0,0,0,0,0,0,2,0,0,0,0,6,4,0,0,0,0,0,8,0,5,0,15,0,0,0,0,0,0,0,4,0,0,4,0,0,8,11,22,0,2,0,0,0,0,0,0,0,0,0,0,0,0,0,16,8,0,0,0,0,0,0,0,0,0,0,0,0,0,14,0,7,3,10,0,0,6,5,5,0,0,0,0,14,29,12,16,16,12,0,0,0,4,24,7,8,9,0,10,7,4,0,0,0,6,0,0,0,0,0,3,0,0,4,0,0,0,0,0,2,10,12,27,5,0,0,0,0,0,0,0,0,0,0,0,0,0,0,0,0,0,0,0,0,0,0,0,0,0,0,0,0,0,0,0,0,0,0,0,0,0,0,0,0,0,0,0,0,0,0,0,0,0,0,0,0,0,0,0,0,0,0,0,0,0,0,0,0,0,0,0,0,0,8,6,14,62,19,9,0,2,33,23,20,29,20,58,97,24,37,4,24,13,31,0,8,10,0,0,0,0,0,12,0,0,4,0,0,0,0,0,9,5,0,0,0
0,0,0,0,0,0,0,0,0,0,0,0,0,0,0,0,0,0,0,8,0,12,0,0,0,0,0,0,0,0,0,0,0,0,0,0,0,7,0,9,0,0,0,0,0,0,0,5,0,0,0,0,0,0,0,16,0,0,0,0,0,0,0,0,0,0,1,13,0,0,0,0,0,0,0,0,0,0,0,0,0,0,0,0,0,0,4,0,0,0,0,0,0,0,0,0,0,0,0,0,0,0,0,0,0,0,0,0,0,0,0,0,0,0,0,0,0,0,0,0,0,0,0,0,0,0,0,0,0,0,0,0,0,0,0,3,0,0,0,0,0,0,0,0,0,0,0,0,0,0,0,0,0,0,0,0,0,0,0,0,0,0,0,0,10,1,0,0,0,0,0,0,0,0,0,0,0,0,0,0,0,0,0,0,0,0,0,0,0,0,0,0,0,0,0,0,0,0,0,0,0,0,0,0,0,0,0,0,0,0,0,0,0,0,0,0,0,0,0,0,0,0,0,0,0,0,0,0,0,0,0,0,0,0,0,0,0,0,0,0,0,0,2,0,0,0,0,0,4,7,0,0,0,4,0,2,0,33,0,0,7,0,0,10,0,0,0,0,0,0,0,0,0,0,0,0,0,0,0,0,0,0,4,12,88,2,0,8
0,0,0,0,0,0,0,0,0,0,0,5,0,0,0,0,0,0,0,0,2,5,10,3,0,19,4,0,0,0,0,0,6,0,0,0,0,0,0,0,0,0,9,4,21,12,17,0,0,5,0,0,0,0,0,0,0,2,0,0,0,0,0,0,0,0,0,0,0,0,0,0,0,0,0,4,0,0,0,0,0,0,0,0,0,0,0,0,0,0,0,0,0,0,0,0,0,0,0,0,0,0,0,0,0,0,0,0,0,0,0,0,0,0,0,0,0,0,0,0,0,0,0,0,0,0,0,0,0,0,0,0,0,0,0,0,0,0,0,0,0,0,0,0,0,0,0,0,0,0,0,0,0,0,0,0,0,0,0,0,0,0,0,0,0,0,0,0,0,0,0,0,0,0,0,0,0,0,0,0,0,0,0,0,0,0,0,0,0,0,0,0,0,0,0,0,0,0,0,0,0,0,0,0,0,0,0,0,0,0,0,0,0,0,0,0,0,0,0,0,0,0,0,0,0,0,0,0,0,0,0,0,0,0,0,0,6,0,0,0,0,0,0,0,4,56,0,3,14,0,0,0,0,2,10,2,0,0,0,0,0,0,10,0,0,0,0,0,9,0,0,0,0,0,0,0,0,0,0,0,4,0,0,0,0,0,0,10
0,0,0,3,22,4,2,0,0,0,0,0,0,1,0,0,0,0,0,0,0,0,6,0,0,0,0,0,0,4,0,0,0,0,0,0,0,4,0,6,4,0,0,0,0,0,10,4,0,0,0,0,0,0,0,0,0,0,0,0,0,0,0,0,0,0,0,0,0,0,19,0,16,0,0,0,0,0,0,0,0,0,0,0,0,0,0,0,0,0,0,0,0,0,0,0,1,0,0,0,0,0,0,0,0,0,0,0,0,0,0,0,0,0,0,0,0,0,0,0,0,0,0,0,0,0,0,0,0,0,0,0,0,0,0,0,0,0,0,0,0,0,0,0,0,0,0,0,0,0,0,0,0,0,0,0,0,0,0,0,0,0,0,0,0,0,0,0,0,0,0,0,0,0,0,0,0,0,0,0,0,0,0,0,0,0,0,0,0,0,0,0,0,0,0,0,0,0,0,0,0,0,0,0,0,0,0,0,0,0,0,0,0,0,0,0,0,0,0,0,0,0,0,0,0,0,0,0,0,0,0,0,0,0,3,0,0,1,0,0,0,0,0,0,0,0,0,13,0,0,6,36,0,0,4,6,2,0,24,0,0,0,37,0,0,0,0,9,8,4,4,0,0,7,4,4,0,0,0,12,0,2,14,0,0,0,10,5
0,4,40,0,0,0,0,0,0,0,0,0,0,0,4,4,0,0,0,12,0,7,0,0,1,0,0,0,15,0,0,0,4,0,0,0,8,0,0,0,14,6,0,0,0,0,0,0,0,0,0,0,0,5,13,0,0,0,0,0,0,0,0,0,0,0,0,0,0,0,0,0,0,0,0,0,0,0,0,0,0,0,0,0,0,0,0,12,16,5,0,0,0,0,0,0,0,0,0,0,0,0,0,0,0,0,0,0,0,0,0,0,0,0,0,0,0,0,0,0,0,0,0,0,0,0,0,0,0,0,0,0,0,0,0,0,0,0,0,0,0,0,0,0,0,0,0,0,0,0,0,0,0,0,0,0,0,0,0,0,0,0,0,0,0,0,0,0,0,0,0,0,0,0,0,0,0,0,0,0,0,0,0,0,0,0,0,0,0,0,0,0,0,0,0,0,0,0,0,0,0,0,0,0,0,0,0,0,0,0,0,0,0,0,0,0,0,0,0,0,0,0,0,0,0,0,0,0,0,0,0,0,0,0,0,0,0,0,0,0,0,4,0,0,0,1,0,0,0,0,0,0,0,0,0,0,0,0,0,12,0,10,3,0,0,0,0,0,41,0,0,0,32,4,31,15,0,0,0,0,0,0,0,0,0,0,0,0
0,0,0,0,0,0,0,0,0,0,0,0,0,0,0,0,2,0,0,0,0,0,0,0,0,2,0,0,0,0,0,0,7,0,0,17,0,0,0,0,0,0,0,11,0,1,0,0,0,0,0,0,6,0,0,0,0,9,0,0,0,0,0,0,0,0,0,0,0,0,0,0,0,0,0,1,0,0,0,0,0,0,0,0,0,0,0,0,0,0,0,0,0,0,0,0,0,0,0,0,0,0,0,0,0,0,0,0,0,0,0,0,0,0,0,0,0,0,0,0,0,0,0,0,0,0,0,0,0,0,0,0,0,0,0,0,0,0,0,0,0,0,0,0,0,0,0,0,0,0,0,0,0,0,0,0,0,0,0,0,0,0,0,0,0,0,0,0,0,0,0,0,0,0,0,0,0,0,0,0,0,0,0,0,0,0,0,0,0,0,0,0,0,0,0,0,0,0,0,0,0,0,0,0,0,0,0,0,0,0,0,0,0,0,0,0,0,0,0,0,0,0,0,0,0,0,0,0,0,0,0,0,0,0,0,0,0,0,0,0,0,0,0,0,0,0,0,0,0,0,0,0,0,0,0,0,0,0,0,0,4,0,0,0,0,0,0,0,1,0,0,0,0,0,0,0,0,4,5,0,0,0,0,0,0,0,0,0
0,0,0,0,0,0,0,0,2,12,0,0,0,0,0,4,0,0,0,0,0,0,0,0,17,0,0,0,0,0,0,0,0,0,0,0,0,0,0,0,0,0,0,0,0,0,0,0,0,0,0,0,0,0,0,4,28,0,0,13,0,0,0,0,0,0,0,0,0,0,0,0,0,0,0,0,0,0,0,0,0,0,0,0,0,0,0,2,0,0,0,0,0,0,0,0,0,0,0,0,0,0,0,0,0,0,0,0,0,0,0,0,0,0,0,0,0,0,0,0,0,0,0,0,0,0,0,0,0,0,0,0,0,0,0,0,0,0,0,0,0,0,0,0,0,0,0,0,0,0,0,0,0,0,0,0,0,0,0,0,0,0,0,0,0,0,0,0,0,0,0,0,0,0,0,0,0,0,0,0,0,0,0,0,0,0,0,0,0,0,0,0,0,0,0,0,0,0,0,0,0,0,0,0,0,0,0,0,0,0,0,0,0,0,0,0,0,0,0,0,0,0,0,0,0,0,0,0,0,0,0,0,0,0,0,0,0,0,0,0,0,0,0,0,5,0,0,0,0,0,0,0,0,0,0,0,0,0,0,0,0,0,0,0,0,0,0,0,0,0,0,0,0,0,0,0,0,4,4,0,5,0,11,0,0,0,0,0
0,0,0,0,0,0,0,0,4,0,0,0,0,0,0,0,0,0,0,0,0,0,0,0,0,0,0,0,9,0,0,0,0,0,0,0,0,0,0,0,0,0,0,0,0,0,0,0,0,0,0,0,0,0,0,0,0,0,0,0,0,2,0,0,0,0,0,0,0,0,0,0,0,0,0,0,0,0,0,0,0,0,0,0,2,0,0,0,0,0,0,0,0,0,0,0,0,0,0,0,0,0,0,0,0,0,0,0,0,0,0,0,0,0,0,0,0,0,0,0,0,0,0,0,0,0,0,0,0,0,0,0,0,0,0,0,0,0,0,0,0,0,0,0,0,0,0,0,0,0,0,0,0,0,0,0,0,0,0,0,0,0,0,0,0,29,7,24,7,24,1,22,112,39,59,281,100,133,312,167,186,225,148,286,125,215,375,108,114,226,57,110,106,0,45,6,0,12,0,0,0,0,6,17,0,0,0,0,0,0,0,0,0,0,0,0,0,0,0,0,0,0,0,0,0,0,0,0,0,0,0,0,0,0,0,0,0,1,3,0,0,0,0,0,19,6,0,0,7,28,51,26,6,0,27,62,31,37,175,105,19,54,14,8,15,0,0,20,26,19,5,42,245,116,203,434,270,465,535,380,600,698,588,553,535,597,569,490
550,808,442,421,716,405,373,541,371,297,487,239,277,138,261,538,266,156,605,20,180,468,12,48,302,52,78,328,19,20,58,13,103,37,14,74,4,44,160,25,47,117,71,98,197,101,69,139,205,10,0,94,0,0,0,0,11,1,34,13,56,14,7,0,41,75,20,0,0,0,0,0,0,0,0,0,0,0,11,0,0,0,0,0,0,0,0,0,0,0,0,0,0,0,0,0,0,0,0,0,0,0,0,0,0,0,0,0,0,0,0,0,0,0,2,0,0,0,0,0,0,0,0,0,0,0,0,0,0,0,0,0,0,0,0,0,0,0,0,0,0,0,0,0,0,0,0,0,0,0,0,0,0,0,0,0,0,0,0,0,0,0,0,0,0,0,0,0,0,0,0,0,0,0,0,0,0,0,0,0,0,0,0,0,0,0,0,0,0,0,0,0,0,0,0,0,0,0,0,0,0,0,0,0,0,0,1,0,0,0,0,0,0,0,0,0,0,0,0,16,0,0,0,0,0,0,0,0,0,0,0,0,0,0,0,0,0,0,0,0,13,0,0,0,0,0,2,0,8,57,17,30,92,5,19,120,17,24,107,38,63,66,24,16,91,8,40,77,30,39,37,35,21,76,10,19,36,2,11,11,7,8,84,45,93,55,31,8
42,7,3,19,2,8,49,8,0,0,0,0,14,12,6,0,0,26,56,5,0,8,0,2,0,0,5,0,3,0,8,0,0,0,4,5,14,0,0,0,0,0,0,0,6,1,0,0,0,0,0,0,0,0,0,0,0,0,0,0,0,0,0,0,0,0,0,0,0,0,0,0,0,0,0,0,0,0,0,0,0,0,0,0,0,0,0,0,0,0,0,0,0,0,0,0,0,0,0,0,0,0,0,0,0,0,0,0,0,0,0,0,0,0,0,0,0,0,0,0,0,0,0,0,0,0,0,0,0,0,0,0,0,0,0,0,0,0,0,0,0,0,0,0,0,0,0,0,0,0,0,0,0,0,0,0,0,0,0,0,0,0,0,0,0,0,0,0,0,0,0,0,0,0,0,0,0,0,0,0,0,0,0,0,0,0,0,0,0,0,0,0,0,0,0,0,0,0,0,0,0,0,0,0,0,0,0,0,0,0,0,0,0,0,0,0,0,0,0,0,0,0,0,0,0,0,0,0,0,0,0,0,0,0,0,0,0,0,0,0,0,0,0,0,0,9,5,4,77,0,8,14,8,29,16,84,339,65,132,195,12,131,32,47,282,90,77,102,25,29,14,0,175,22,5,133,31,32,29,13,0,0,0,115,0,0,0,6
62,20,11,0,0,0,0,0,0,0,0,16,0,0,0,0,0,0,0,0,0,0,0,0,0,0,0,6,1,0,28,2,11,4,0,0,0,0,0,0,0,0,4,0,0,0,0,0,0,0,0,0,0,0,0,0,0,0,0,16,3,0,24,0,0,0,0,0,0,0,11,0,0,0,0,0,0,0,0,0,0,0,0,0,0,0,0,0,0,0,0,0,0,0,0,0,0,0,0,0,0,0,0,0,0,0,0,0,0,0,0,0,0,0,0,0,0,0,0,0,0,0,0,0,0,0,0,0,0,0,0,0,0,0,0,0,0,0,0,0,0,0,0,0,0,0,0,0,0,0,0,0,0,0,0,0,0,0,0,0,0,0,0,0,0,0,0,0,0,0,0,0,0,0,0,0,0,0,0,0,0,0,0,0,0,0,0,0,0,0,0,0,0,0,0,0,0,0,0,0,0,0,0,0,0,0,0,0,0,0,0,0,0,0,0,0,0,0,0,0,0,0,0,0,0,0,0,0,0,0,0,0,0,0,0,0,0,0,0,0,0,0,0,0,0,0,0,0,0,0,0,0,24,1,0,0,0,0,0,0,0,0,0,0,0,0,0,0,0,0,0,4,0,0,24,0,4,0,0,0,0,0,0,0,0,0,0,0
0,0,0,0,0,0,0,0,0,0,0,0,0,0,0,0,0,0,0,0,0,0,0,0,0,0,0,0,0,0,0,0,0,89,0,0,0,0,0,0,0,0,0,0,0,0,0,0,0,0,0,0,0,0,0,0,0,0,0,0,0,0,0,0,0,0,0,0,0,0,0,0,0,0,0,0,0,0,0,0,0,0,0,0,0,0,0,0,0,0,0,0,0,0,0,0,0,0,0,0,0,0,0,0,0,0,0,0,0,0,0,0,0,0,0,0,0,0,0,0,0,0,0,0,0,0,0,0,0,0,0,0,0,0,0,0,0,0,0,0,0,0,0,0,0,0,0,0,0,0,0,0,0,0,0,0,0,0,0,0,0,0,0,0,0,0,0,0,0,0,0,0,0,0,0,0,0,0,0,0,0,0,0,0,0,0,0,0,0,0,0,0,0,0,0,0,0,0,0,0,0,0,0,0,0,0,0,0,0,0,0,0,0,0,0,0,0,0,0,0,0,0,0,0,0,0,0,0,0,0,0,0,0,0,0,0,0,0,0,0,0,0,0,0,0,0,59,0,0,0,0,0,0,0,0,0,10,0,0,0,0,0,0,0,0,0,0,0,0,0,0,6,0,0,0,0,0,0,0,0,0,0,0,0,0,0,0,0
